NO,lon,lat,prob
1,-76.13294337,-10.23068808,0.994921505
2,-74.9491391,-9.027991607,0.851818323
3,-75.2404328,-9.363589364,0.847221971
4,-74.89452153,-9.303797499,0.840299487
5,-75.09382775,-9.359756552,0.821510434
6,-75.31532393,-9.77208642,0.899674118
7,-74.98622857,-10.05826315,0.874636471
8,-74.81933945,-10.45151827,0.877577126
9,-74.54381924,-8.842972694,0.934958875
10,-73.81161529,-8.942001446,0.87098968
11,-73.6910186,-9.076128473,0.880726039
12,-74.32189944,-9.368188738,0.867429972
13,-74.14073519,-9.36231176,0.923636496
14,-74.50070011,-9.619429557,0.89240253
15,-73.75042718,-9.735372116,0.856965423
16,-73.64830048,-10.74173006,0.979159236
17,-72.73459789,-8.893801013,0.941053331
18,-73.19377514,-9.107046489,0.975782156
19,-72.99224909,-9.089782865,0.918921888
20,-72.01128879,-9.234231963,0.860847771
21,-72.18549009,-9.352090928,0.846948147
22,-72.79030781,-9.536065899,0.828520358
23,-71.95534448,-9.972121958,0.916502714
24,-70.31357266,-8.370912148,0.994787216
25,-71.01475771,-9.32047023,0.911296248
26,-71.10923652,-9.354390616,0.884635925
27,-71.24568462,-9.390419047,0.889093876
28,-70.51553178,-9.439269977,0.915048957
29,-70.72921322,-9.748786958,0.842965961
30,-71.08853933,-10.29496265,0.846076131
31,-74.9175184,-10.86988443,0.886117518
32,-74.76037311,-10.90150513,0.846863508
33,-74.22425855,-10.79849831,0.87578541
34,-73.91459929,-11.39753487,0.943643212
35,-73.71645453,-11.52320464,0.885328412
36,-73.61691757,-11.68627336,0.903501749
37,-73.50321082,-11.81045647,0.896913171
38,-72.48751567,-11.39114685,0.867004454
39,-72.24732613,-11.49718798,0.891062438
40,-72.56608831,-11.50804761,0.892796338
41,-73.24564586,-11.59198619,0.871329486
42,-72.35164249,-11.64257931,0.887314558
43,-72.9167906,-11.74267045,0.904788554
44,-71.72752383,-10.82224806,0.932737052
45,-71.27826352,-10.90725435,0.916728854
46,-71.49717605,-10.88580534,0.944816411
47,-70.77424876,-11.36048435,0.871150076
48,-71.36162718,-11.90570184,0.916554451
49,-73.89703224,-11.8903706,0.858055413
50,-72.77149219,-12.60823884,0.90006417
51,-73.07201948,-12.74125483,0.859911323
52,-72.98463137,-12.73263101,0.879799008
53,-67.91364708,-15.79936718,0.995411456
54,-71.74395017,-12.00535495,0.878437757
55,-71.12686745,-12.09638423,0.838997722
56,-70.94152362,-12.26201646,0.868628085
57,-71.19626152,-12.59767568,0.881195545
58,-71.38941507,-12.6329779,0.847737312
59,-71.31850805,-12.64351813,0.825312793
60,-71.3683346,-12.90894035,0.812179983
61,-78.22638731,-1.704519266,0.992116868
62,-76.36798318,-0.25488199,0.882265627
63,-76.53879783,-0.417177618,0.848340869
64,-76.74207374,-1.43273588,0.867192507
65,-76.42093886,-1.556480949,0.838980258
66,-75.29064264,-0.552284237,0.846488655
67,-75.88166223,-0.589079231,0.871850669
68,-75.81152177,-0.615525633,0.881118536
69,-75.75115499,-0.629898677,0.898720503
70,-75.55362829,-0.765005296,0.884972274
71,-75.42632418,-0.920234177,0.85461086
72,-75.21551953,-0.96622792,0.871900797
73,-75.37573106,-1.541149701,0.879731894
74,-75.52291104,-1.546898919,0.896642864
75,-75.1204224,-1.714277091,0.913783967
76,-75.68935089,-1.591455357,0.865596771
77,-75.84410067,-1.612056721,0.86440587
78,-76.09706626,-1.633137187,0.845303774
79,-75.94605347,-1.646935309,0.84026581
80,-74.89193887,-0.165469675,0.845526874
81,-74.08100721,-0.250450301,0.850517929
82,-74.83122025,-0.221225111,0.863220513
83,-74.68180047,-0.335730366,0.884449184
84,-73.88170099,-0.36958687,0.878039241
85,-74.57543994,-0.391306138,0.814504027
86,-74.37996654,-0.759256078,0.842025697
87,-74.40679622,-1.134871642,0.889430463
88,-73.95780968,-1.219193504,0.92703706
89,-73.47890731,-1.500382521,0.948930979
90,-72.13087253,-0.591378918,0.854948282
91,-73.08830893,-0.590612355,0.865479112
92,-72.03045285,-0.805249821,0.838266373
93,-72.90159624,-1.283256216,0.893208921
94,-72.1090255,-1.288184117,0.853911519
95,-73.39110107,-1.567979385,0.87066704
96,-73.3364835,-1.512403612,0.841542184
97,-73.26461828,-1.673381711,0.838002861
98,-72.64600244,-1.642335935,0.845027208
99,-71.87618218,-0.790876776,0.883396745
100,-70.99751005,-0.881906058,0.834386826
101,-71.23067278,-1.030108118,0.876955748
102,-71.13740769,-1.081212276,0.840609074
103,-70.88827491,-1.251772405,0.886999488
104,-70.81161868,-1.410834098,0.848023713
105,-71.48236076,-1.765369196,0.894701064
106,-77.81341021,-4.234050938,0.963196337
107,-78.15911905,-3.024447899,0.82981205
108,-77.43182825,-2.291201503,0.906429291
109,-77.10868904,-2.300046453,0.880477011
110,-77.3794156,-2.789551285,0.901549518
111,-77.56092662,-2.770660998,0.890852153
112,-76.41902246,-2.899881513,0.917473793
113,-76.4995115,-2.775315126,0.843803287
114,-77.03993798,-2.959290097,0.847891331
115,-77.45292346,-3.033071725,0.873872697
116,-77.53341251,-3.191175215,0.843699992
117,-74.93955707,-1.981923068,0.840610802
118,-75.73842457,-2.020798731,0.91284281
119,-75.81290951,-2.343264712,0.901672482
120,-75.51203979,-2.709286231,0.926657856
121,-75.13055886,-3.214810889,0.912998557
122,-75.68312257,-3.139432255,0.86593765
123,-74.73411835,-1.736623107,0.867216051
124,-74.71635214,-2.116973321,0.911020279
125,-74.24275187,-2.278838228,0.897978485
126,-73.57124323,-2.687160453,0.901352286
127,-72.50166326,-1.742034136,0.885231912
128,-72.22221322,-2.047440196,0.887386441
129,-73.12280424,-2.020251186,0.818231642
130,-72.12167378,-2.388967689,0.886241853
131,-72.02278723,-2.451825804,0.920163274
132,-72.70694415,-2.41503081,0.827646434
133,-72.27903808,-2.444598216,0.835021675
134,-73.22311611,-3.643926119,0.928232729
135,-73.40029982,-3.008350089,0.840362191
136,-71.76817901,-2.160422592,0.849128306
137,-71.52547989,-2.272737669,0.863225222
138,-71.89630444,-2.296213642,0.832187414
139,-70.73496244,-2.323043325,0.859289348
140,-71.24281001,-2.346040196,0.842650056
141,-71.13165847,-2.346040196,0.85371685
142,-70.57493057,-2.443393618,0.869149804
143,-70.69553923,-2.712347503,0.865007579
144,-79.26934405,-4.604124943,0.96162957
145,-77.59687503,-3.348615334,0.8890118
146,-76.45399686,-3.188300606,0.88236928
147,-76.9824458,-3.361735344,0.864719748
148,-76.91249698,-3.447015408,0.866890669
149,-76.4622287,-3.46452439,0.860398829
150,-77.25327723,-3.992356537,0.902029395
151,-77.42705198,-3.622366552,0.825165093
152,-77.64264765,-3.691357166,0.933764517
153,-77.0476036,-4.085178586,0.83340019
154,-77.39503326,-4.579743993,0.910262346
155,-76.99918914,-4.780077466,0.877278209
156,-76.65090757,-4.697470284,0.840307057
157,-76.26735261,-3.283984017,0.920250237
158,-75.47806714,-3.398147057,0.832167745
159,-75.35158435,-3.572060896,0.85511899
160,-76.33470059,-3.653029047,0.855721176
161,-75.06603986,-3.807619126,0.852539778
162,-75.15036172,-3.798675898,0.852399528
163,-75.38799606,-4.06697273,0.844070554
164,-75.08958428,-4.248209977,0.889668822
165,-75.46944331,-4.131172329,0.856504023
166,-75.28374358,-4.240982389,0.906859457
167,-75.19348086,-4.407134784,0.838419855
168,-75.4339898,-4.308439878,0.834667742
169,-75.26151327,-4.431089858,0.861244917
170,-74.74377704,-3.502552852,0.890021086
171,-74.10400408,-3.756514967,0.881658614
172,-73.88389117,-3.866571423,0.903178751
173,-73.67019946,-3.866446981,0.894049227
174,-73.49130172,-3.836730245,0.873520255
175,-73.49521418,-4.450672042,0.900847018
176,-74.11837713,-4.516369922,0.806250095
177,-73.86253693,-4.554532834,0.879862487
178,-74.80749928,-4.565238274,0.897829115
179,-72.79749433,-3.320532616,0.863679588
180,-73.04208973,-3.411336439,0.867550731
181,-72.68394728,-3.395272448,0.831043124
182,-73.15172455,-3.443618143,0.86713326
183,-72.52214786,-3.467958987,0.871111989
184,-72.88845517,-3.49588376,0.815193474
185,-72.13138357,-3.502271779,0.842294931
186,-72.24700673,-3.564874373,0.808383465
187,-72.37622724,-3.879986264,0.946494997
188,-73.3681042,-4.147461779,0.834814787
189,-71.93511166,-4.540804098,0.866319954
190,-71.7491921,-3.440758906,0.922062874
191,-71.8503107,-3.300410354,0.853776336
192,-71.4303019,-3.908184809,0.898544252
193,-71.66250291,-3.852335264,0.860430777
194,-70.86562648,-3.935960251,0.866674304
195,-71.07991551,-4.019062581,0.828673422
196,-70.74071166,-4.122548502,0.856369078
197,-71.22364595,-4.360182838,0.857310534
198,-71.54272754,-4.451691222,0.886996984
199,-71.44042528,-4.542241403,0.881202281
200,-71.78132008,-4.473250789,0.879162014
201,-71.6586701,-4.480916413,0.842346013
202,-79.11732202,-4.689421379,0.859729886
203,-78.30859871,-4.772210115,0.817071915
204,-78.23194247,-5.858812283,0.882858038
205,-77.51329025,-4.837094145,0.879876435
206,-76.40369121,-4.898692907,0.825237989
207,-77.24636228,-5.07938261,0.87972331
208,-77.01694111,-5.255144412,0.842178404
209,-76.80408316,-5.402160125,0.920520127
210,-76.52196083,-5.317564491,0.871423364
211,-76.0931629,-6.071850784,0.92455709
212,-76.78313958,-5.81281854,0.838808477
213,-76.7227728,-5.876059936,0.839136541
214,-76.69455164,-6.628357586,0.909759521
215,-74.93572426,-4.714717937,0.878874838
216,-75.44357183,-4.867072209,0.828716815
217,-75.80146064,-4.979181957,0.879869938
218,-76.21205061,-4.929355402,0.854373515
219,-75.71378507,-5.269928115,0.885173678
220,-75.85895282,-5.434807469,0.866335511
221,-74.78865379,-6.004513889,0.909825444
222,-75.09950142,-6.909249246,0.94948566
223,-74.96830316,-6.08686459,0.830332756
224,-74.42979309,-4.661058571,0.872838914
225,-73.75266299,-4.865901072,0.875436544
226,-74.02124208,-5.243111166,0.914166152
227,-74.67509305,-5.186153798,0.821276903
228,-74.32822358,-5.232147541,0.832132339
229,-74.51411495,-5.27047566,0.863484442
230,-74.59489883,-5.724811283,0.883101702
231,-74.68403628,-5.624371956,0.848595142
232,-74.49495089,-5.620219744,0.853544593
233,-74.36080248,-5.711249026,0.843098283
234,-72.06494816,-4.634228888,0.845548153
235,-72.1406462,-4.708968719,0.898972869
236,-72.30641531,-4.774126521,0.881814241
237,-72.42523248,-4.861897913,0.835855544
238,-72.88900272,-5.147825679,0.868362546
239,-71.85588569,-5.066291318,0.90367502
240,-72.06590636,-5.28676511,0.819769263
241,-73.23702203,-5.439119382,0.885153234
242,-73.30677921,-5.906722432,0.815692186
243,-71.00681831,-5.30237013,0.940281451
244,-76.53829054,-6.323822548,0.900797665
245,-76.44968495,-6.385823916,0.836742759
246,-76.52557463,-7.168484102,0.857770622
247,-76.69165203,-7.550832084,0.871009231
248,-76.77059584,-7.710583077,0.872167826
249,-76.46118339,-7.485840926,0.859185517
250,-76.06640376,-6.573631698,0.831487894
251,-75.99894627,-6.559067013,0.875191569
252,-76.15679424,-7.041554149,0.908058405
253,-75.55663978,-6.949247263,0.848261297
254,-76.32176485,-7.36798196,0.827299953
255,-74.24773453,-6.335997362,0.866982698
256,-74.31480873,-6.351328609,0.819553673
257,-74.77666257,-6.36761806,0.847065151
258,-71.97254407,-7.174383299,0.971787632
259,-73.25695266,-7.133222233,0.821302593
260,-72.67535759,-7.644688673,0.964994252
261,-72.50572153,-7.244373777,0.840358138
262,-73.03957747,-7.608764678,0.907086074
263,-73.17646361,-7.378522193,0.812399745
264,-70.74166986,-6.790664671,0.884693682
265,-71.01954872,-6.820368963,0.874003053
266,-71.3094661,-6.934543202,0.900489688
267,-71.71625576,-7.091809168,0.916817009
268,-76.57512243,-8.116164261,0.861156762
269,-75.20402109,-7.73880651,0.86668092
270,-74.92805863,-7.73880651,0.842346072
271,-76.09323345,-8.191078311,0.939191759
272,-75.88194969,-8.378406992,0.875153422
273,-75.46081949,-8.325226727,0.836777866
274,-74.86750021,-7.876787737,0.854283094
275,-74.64181727,-8.126443166,0.908821702
276,-74.25923296,-8.078010361,0.838953257
277,-74.35313685,-8.145084569,0.861681223
278,-74.13275017,-8.259110722,0.82120055
279,-74.35223501,-8.508525319,0.871963203
280,-74.71214357,-8.588413143,0.8752774
281,-74.19599157,-8.850321955,0.816058576
282,-72.29156316,-7.761803381,0.840609789
283,-72.0764466,-7.907450232,0.8609038
284,-72.95128591,-8.178621673,0.875431418
285,-73.38535185,-8.230364633,0.887268186
286,-73.29911359,-8.233239242,0.857624769
287,-72.60537464,-8.398050153,0.831705391
288,-70.86144523,-7.796298688,0.871251881
289,-71.68789529,-8.70036319,0.842970729
290,-73.67785614,3.337164282,0.900779188
291,-74.43673178,2.913465338,0.961622059
292,-73.71382982,3.03795856,0.903539002
293,-73.57469875,2.897102724,0.83795017
294,-74.99360571,2.887903975,0.897411048
295,-73.78243715,2.784418055,0.838543832
296,-71.58669095,3.792293341,0.956239283
297,-73.53713719,3.332510153,0.824795663
298,-72.25697802,2.907068035,0.859038055
299,-72.80171641,2.759983879,0.886997819
300,-71.79047006,2.882976074,0.884635568
301,-71.51213492,2.875127936,0.872920871
302,-71.92160699,2.839993827,0.829870701
303,-76.50564999,1.418978823,0.864146411
304,-75.74479174,1.681920991,0.956433356
305,-76.09252763,1.154377917,0.85315758
306,-74.80963074,1.266624551,0.8784554
307,-72.46011705,2.69243057,0.808605313
308,-72.52335845,2.700096193,0.870914638
309,-72.51377642,1.454432333,0.87560612
310,-71.33135396,2.333104456,0.853278458
311,-70.68744156,2.252040485,0.874351442
312,-71.56834949,2.17627857,0.873755336
313,-71.21924421,2.209496273,0.873440564
314,-70.91549387,2.190332213,0.852626026
315,-70.80817513,1.407480387,0.903635383
316,-71.96807983,1.280278943,0.914468586
317,-77.62794211,0.677516387,0.95513624
318,-76.55208598,-0.068078478,0.87711364
319,-76.20477426,1.228296432,0.830795944
320,-75.64211748,0.857280242,0.89095372
321,-76.40024767,0.684037145,0.820039928
322,-76.22393832,0.490480145,0.84075433
323,-76.44897913,0.445307719,0.864015222
324,-75.9901368,0.270093462,0.868884027
325,-75.87323603,0.13402864,0.876130342
326,-75.65668216,0.086118492,0.838533998
327,-74.64481983,1.186135501,0.866135299
328,-74.57966202,0.753027759,0.855270803
329,-74.31807261,0.585342239,0.882897437
330,-74.22704333,0.526891858,0.850263238
331,-73.57601286,0.457901244,0.922973514
332,-74.68314794,0.139777858,0.85993892
333,-74.28645191,-0.086741324,0.846186161
334,-74.56241437,-0.107438508,0.842898011
335,-72.89705761,1.059652709,0.867108703
336,-73.06186852,0.919755076,0.894589722
337,-72.34129989,0.871844927,0.866779864
338,-73.44706611,0.280633695,0.896441877
339,-73.29183723,0.153575981,0.867010653
340,-71.85836559,1.201466749,0.835989535
341,-71.73571561,1.201466749,0.851048768
342,-71.59773438,1.147807382,0.812862456
343,-71.17612508,0.097616928,0.871704161
344,-71.00939776,0.03300667,0.90343827
345,-70.6682775,-0.063361171,0.938963413
346,-70.10575247,-9.106024406,0.878568232
347,-70.26213119,-9.173481895,0.885135412
348,-69.09293193,-9.141669556,0.902472556
349,-69.3183834,-9.246962374,0.890787482
350,-69.94285797,-9.338676087,0.882027328
351,-70.04155287,-9.53319129,0.878741324
352,-69.3746436,-9.602181903,0.952149034
353,-65.96760507,-9.762737124,0.997498333
354,-69.65304402,-9.987998084,1
355,-70.00753667,-10.15506502,1
356,-69.49085994,-10.26703788,0.835184216
357,-68.15868404,-9.23327376,0.83686012
358,-68.77385034,-10.24130328,0.882518351
359,-67.09754269,-9.357018829,0.903995275
360,-64.94582948,-9.121164013,0.862960517
361,-64.96786815,-9.277351097,0.873220265
362,-65.05793923,-9.380837017,0.884750783
363,-64.80497364,-9.463242473,0.803954899
364,-65.64340124,-10.09661464,0.896906137
365,-64.09686165,-9.354965537,0.963371336
366,-62.86020489,-9.09452597,0.890308022
367,-63.03804737,-9.225608136,0.848922074
368,-62.39180791,-9.446131706,0.921006858
369,-62.42958848,-9.848679617,0.874009192
370,-61.98977332,-9.76890922,0.821976364
371,-62.54553104,-9.896350215,0.854742408
372,-62.2647212,-9.895222918,0.867148578
373,-62.16033345,-10.03816425,0.860324442
374,-62.83950771,-10.17192939,0.87255168
375,-62.69117789,-10.12248612,0.87027663
376,-62.68542867,-10.28921343,0.886721313
377,-62.35667794,-10.33416186,0.888054788
378,-62.60493962,-10.3122103,0.865464509
379,-62.93072863,-10.42144544,0.871995389
380,-62.47845683,-10.42894442,0.972318947
381,-69.6956416,-10.41377982,0.891898155
382,-69.75696659,-10.4415677,0.843725204
383,-70.22840245,-10.67728564,0.878776193
384,-70.48520085,-10.74723445,0.809194207
385,-69.49556882,-11.40954434,0.911511064
386,-70.4447821,-11.62355462,0.935031295
387,-68.55346366,-11.03852816,0.82796526
388,-68.72106207,-11.15943595,0.868000805
389,-68.90480475,-11.16884376,0.89134258
390,-69.02911561,-11.24013406,0.93938905
391,-69.06035303,-11.44480621,0.882540464
392,-69.10730498,-11.88749599,0.873446107
393,-66.06927652,-11.01381964,0.964407265
394,-66.62076827,-10.89000669,0.901149392
395,-66.43851806,-11.06190831,0.88018024
396,-66.62692815,-11.13270582,0.859607697
397,-67.53776851,-11.14584689,0.844497502
398,-66.81336707,-11.24473343,0.865070999
399,-66.98967641,-11.31832342,0.851524353
400,-66.45231619,-11.47063347,0.924840152
401,-66.81225878,-11.71605847,0.934430003
402,-67.45344665,-11.48696714,0.834706962
403,-67.67574974,-11.50804761,0.878816843
404,-66.3074359,-11.51379683,0.876266122
405,-67.32361015,-11.59716049,0.899543285
406,-66.63442266,-11.97912415,0.91268003
407,-66.16178905,-10.53259699,0.840283334
408,-65.61293039,-10.5444787,0.854826987
409,-65.71924669,-10.64699168,0.900808036
410,-65.47494916,-11.23553469,0.886870086
411,-65.02791553,-11.84597386,0.925968945
412,-64.04224408,-10.60542041,0.914682388
413,-64.532844,-10.81622507,0.848013997
414,-64.19172374,-10.86221881,0.857252717
415,-63.89440705,-10.90109447,0.883483171
416,-64.13806437,-11.83192021,0.830057204
417,-64.06378281,-12.1866775,0.950972378
418,-63.37916762,-11.85491709,0.827419221
419,-63.43374686,-12.12658679,0.92844528
420,-62.59056658,-10.49618527,0.880965292
421,-62.25910206,-10.67441103,0.910854459
422,-62.08980971,-10.71887164,0.942838728
423,-62.00045044,-10.90191579,0.864301682
424,-62.25423734,-10.88713209,0.823251188
425,-62.76783413,-10.95420629,0.90354377
426,-62.24109627,-11.37253033,0.867087245
427,-62.08463541,-11.41653923,0.981320322
428,-62.86940364,-11.35856795,0.867665052
429,-57.88241706,-12.83804133,0.99533385
430,-62.92412388,-11.89588026,0.968743742
431,-69.40956303,-12.66891836,0.87984705
432,-70.54722271,-12.65318727,0.89318186
433,-70.39065815,-12.6010378,0.851948321
434,-70.08089395,-12.66725419,0.866327345
435,-69.79704035,-12.78033244,0.894738019
436,-70.45453835,-12.83228411,0.840996265
437,-70.39397992,-13.02929065,0.862309933
438,-69.59828818,-13.10211407,0.862411916
439,-69.67264473,-13.38229262,0.891839266
440,-69.0578617,-12.52105979,0.835864902
441,-67.91338408,-13.03350674,0.866421342
442,-68.22997434,-13.19486812,0.856134772
443,-68.38290353,-13.22706374,0.839128077
444,-68.66748981,-13.37079418,0.877620995
445,-66.78845379,-12.18789262,0.871668637
446,-67.0835803,-12.93179141,0.915313482
447,-66.30513621,-12.63451102,0.893770099
448,-66.47607962,-12.74796225,0.873261571
449,-67.64585381,-12.8591138,0.863871813
450,-66.77312254,-13.17244617,0.848342896
451,-67.36337557,-13.39954027,0.843870878
452,-66.2002618,-13.25982343,0.97608614
453,-66.64398481,-14.19607513,0.967327178
454,-65.58686727,-11.90474364,0.875020146
455,-65.49248427,-11.99457517,0.90262574
456,-65.270277,-12.09561767,0.86068213
457,-65.16679108,-12.18760516,0.897439361
458,-65.16430824,-12.5346137,0.966706693
459,-65.71474381,-12.56642635,0.858248472
460,-65.58485,-12.58678243,0.957481682
461,-64.92971425,-12.62391852,0.940252364
462,-65.88486839,-12.63201969,0.843891978
463,-66.04297188,-12.66035512,0.997386515
464,-64.65987433,-12.16017317,0.898098111
465,-63.53171354,-12.53945729,0.871307611
466,-64.13841281,-12.59046853,0.877793014
467,-63.42132855,-12.59177517,0.874771237
468,-63.9540894,-12.74412944,0.816123366
469,-64.25432634,-12.92171639,0.850781977
470,-64.04393502,-13.33629888,0.898279309
471,-63.71669462,-13.19073188,0.960868657
472,-64.70751071,-13.17997491,0.942377508
473,-64.57979594,-13.34204809,0.927233994
474,-64.46193698,-13.28263951,0.883678675
475,-64.17447609,-13.33629888,0.894534409
476,-63.04188018,-12.14621079,0.859565437
477,-62.68128298,-12.47374673,0.952575028
478,-63.23078305,-12.62093192,0.843166828
479,-63.0821247,-12.6348943,0.879687905
480,-62.99908044,-12.81056485,0.965705633
481,-62.25136273,-12.84761536,0.909335971
482,-62.89240051,-12.87521161,0.827946484
483,-62.35497363,-13.05858666,0.902386069
484,-62.16120454,-13.14448406,0.927336574
485,-69.27115768,-13.52889767,0.846668422
486,-69.39795988,-13.62056576,0.95012325
487,-68.74510425,-13.61369864,0.843909919
488,-68.00690469,-13.62950899,0.821780026
489,-68.99519523,-13.65250586,0.849144816
490,-68.82176049,-13.74066053,0.882921576
491,-69.06131123,-13.95146518,0.84153074
492,-68.13568716,-14.16418624,0.8428545
493,-67.88655439,-14.46889479,0.862963796
494,-67.78785949,-14.52063775,0.862448692
495,-66.69148365,-13.50532588,0.922783911
496,-67.54447593,-14.45883366,0.868611991
497,-67.32459653,-14.43969778,0.926630199
498,-67.13039536,-14.37362203,0.861256719
499,-67.19856466,-14.39415496,0.858677208
500,-67.08013077,-14.53098634,0.866817057
501,-67.61969487,-14.73551476,0.915825665
502,-67.42853337,-14.75252287,0.857180119
503,-65.96631564,-13.57968243,0.907480001
504,-65.3083496,-13.68955637,0.915408969
505,-65.85078374,-13.73365196,0.966001332
506,-66.15412342,-13.75215897,0.890975356
507,-66.0506375,-13.75982459,0.902397335
508,-65.75551099,-14.74485724,0.871547878
509,-64.31268728,-13.45243308,0.921534538
510,-64.52134556,-13.56051837,0.848737061
511,-63.86210192,-13.63717461,0.845273733
512,-63.78927849,-13.81348396,0.874164343
513,-64.4548588,-14.86278843,0.935827076
514,-64.71375272,-14.61377508,0.851390183
515,-64.08593813,-14.82534629,0.860186636
516,-61.98785691,-13.36121215,0.833363593
517,-62.1616307,-13.57732378,0.972099483
518,-63.1472825,-13.62950899,0.930814087
519,-62.51549438,-16.31421606,0.994859815
520,-68.05519812,-14.9575783,0.930884719
521,-67.63818818,-15.35504089,0.875050187
522,-67.1468217,-14.89433691,0.82154882
523,-67.08549671,-15.25078841,0.825031698
524,-66.64663975,-15.50375399,0.902509093
525,-67.09737843,-15.70382677,0.863759816
526,-66.94751548,-15.81037894,0.84529388
527,-66.30579326,-15.99325883,0.903619528
528,-67.12382483,-16.01735079,0.855650187
529,-67.05154895,-16.08853158,0.929988921
530,-66.85689686,-16.21829964,0.869468629
531,-67.11462608,-16.23965387,0.863045335
532,-65.60411492,-14.95949471,0.860268116
533,-65.66735631,-15.59957429,0.916130245
534,-65.53704071,-15.60016395,0.903267503
535,-65.72791474,-15.6808299,0.895901024
536,-64.92030644,-15.62396491,0.889563262
537,-65.3267836,-15.64173522,0.840754688
538,-65.16679108,-15.72222427,0.888161659
539,-65.01287064,-15.96051944,0.895612657
540,-65.25916185,-15.76821801,0.89485389
541,-65.22275014,-15.90428284,0.846066236
542,-66.12346093,-16.01888391,0.86350441
543,-65.14149452,-16.21359075,0.864609301
544,-64.18022531,-14.95182908,0.890684366
545,-63.99050112,-15.13005484,0.855962038
546,-64.05987501,-15.24772216,0.87842828
547,-64.2170203,-15.2875834,0.861493111
548,-63.7905561,-15.4079337,0.865813732
549,-63.64746445,-15.49225556,0.903714836
550,-64.25319615,-15.51348344,0.905250728
551,-63.56865226,-15.62520622,0.91957742
552,-64.06140814,-15.51141962,0.867224932
553,-63.74328475,-15.62640397,0.80792439
554,-63.83335583,-15.57849383,0.868085802
555,-64.11813375,-15.61873835,0.892236173
556,-64.50984713,-15.68389615,0.872725308
557,-64.03074564,-15.73043744,0.876110733
558,-64.42935808,-15.72605708,0.855046988
559,-63.82185739,-15.75671958,0.875277936
560,-63.68962538,-15.79121488,0.826452672
561,-63.64363164,-16.02173114,0.8838166
562,-63.42132855,-15.94419407,0.864654839
563,-63.99890382,-16.10756928,0.930939078
564,-64.21472061,-16.0231,0.827794671
565,-63.47652104,-16.22585575,0.866543949
566,-64.19231849,-16.76858191,0.8998124
567,-63.98858471,-16.5692757,0.820985615
568,-64.45618776,-16.74941785,0.887591839
569,-63.98858471,-16.75325067,0.83399111
570,-64.36707488,-16.94393306,0.853032112
571,-63.770881,-16.93530923,0.889912426
572,-63.67046133,-16.95255688,0.830047369
573,-64.48338247,-17.10787702,0.891655445
574,-63.98091909,-17.09820374,0.857641876
575,-63.53631291,-17.13653185,0.829069793
576,-63.67621054,-17.17677638,0.849020779
577,-63.75095038,-17.19019122,0.810759485
578,-64.32683036,-17.22277012,0.858320832
579,-64.60950024,-17.24385059,0.85659498
580,-63.94450737,-17.2802623,0.887865543
581,-63.51331604,-17.44522063,0.849804223
582,-70.22456964,-0.406637385,0.837016582
583,-70.44058113,-0.987923081,0.962958157
584,-69.4327107,-1.039817908,0.865380406
585,-69.66881192,-1.108041959,0.914619088
586,-69.56768465,-1.24130588,0.875915825
587,-70.018556,-1.288184117,0.908833206
588,-69.84895407,-1.203862256,0.848794758
589,-69.41776274,-1.2824349,0.845455587
590,-69.43501039,-1.513224929,0.824835241
591,-70.14599699,-1.550731731,0.895896554
592,-68.64161833,-0.325190133,0.833911717
593,-68.98887109,-0.340713021,0.903273582
594,-68.99232062,-0.678767029,0.889525294
595,-68.7859237,-0.951279953,0.948567033
596,-68.04683562,-1.623729376,0.854565382
597,-67.60300964,-1.72337491,0.913501561
598,-68.24204769,-1.707877018,0.864552915
599,-66.27102419,-0.358727237,0.86877352
600,-66.37642651,-1.65038484,0.845166922
601,-66.19820076,-1.657092261,0.884669721
602,-66.00628639,-0.294938296,0.915745497
603,-65.50166091,-0.280744257,0.907851636
604,-65.73251412,-0.282070999,0.86260736
605,-65.36456418,-0.35968544,0.884021759
606,-65.03110954,-0.402804573,0.835532606
607,-65.6319028,-0.535036583,0.818721175
608,-65.00427986,-1.138704454,0.834796429
609,-65.85172903,-1.762765777,0.927227855
610,-64.03135082,-0.28237359,0.906383097
611,-63.17691611,-0.675444735,0.938537955
612,-63.89468082,-0.283029202,0.900988638
613,-64.09973626,-0.33381396,0.869508803
614,-64.5992794,-0.411747801,0.855898023
615,-64.52134556,-0.429634257,0.860532999
616,-63.93875816,-0.604027197,0.908639967
617,-64.03936947,-0.62127485,0.909084857
618,-63.29292936,-0.816748256,0.852482855
619,-63.72685841,-0.995795326,0.847963333
620,-64.04176498,-1.055340796,0.901816249
621,-63.86114372,-1.003597835,0.834349394
622,-63.45007464,-1.033302127,0.870890796
623,-63.55011103,-1.060515092,0.867340863
624,-63.63749914,-1.042117595,0.869096696
625,-64.3728241,-1.242190375,0.833852172
626,-63.89966348,-1.260587872,0.839157045
627,-64.5734718,-1.30198224,0.861380637
628,-63.32474169,-1.531950953,0.862511098
629,-64.29635951,-1.643485779,0.871049583
630,-64.16872687,-1.644635622,0.82246542
631,-63.80882583,-1.653834371,0.868211091
632,-63.58230665,-1.644635622,0.832289875
633,-62.77454155,-0.247575692,0.911196113
634,-62.91211212,-0.471795187,0.86685431
635,-62.13733657,-0.605943603,0.846709907
636,-62.44626121,-0.782252949,0.852967441
637,-62.35963966,-0.858909187,0.805885971
638,-62.17566469,-1.004556038,0.851872027
639,-62.40731026,-1.148765585,0.872187614
640,-62.62351402,-1.079443286,0.886316597
641,-62.09095955,-1.204245537,0.855273843
642,-62.1794975,-1.22110991,0.903628051
643,-61.98114949,-1.311180989,0.911380708
644,-62.73908804,-1.284351306,0.829438686
645,-62.62793649,-1.313480676,0.831617415
646,-62.41329903,-1.315013801,0.820134342
647,-63.01658362,-1.571045634,0.852891266
648,-62.87682199,-1.656504975,0.904380262
649,-70.35488524,-2.526182354,0.8205235
650,-70.32422275,-2.675662018,0.854463458
651,-69.98214429,-2.714948339,0.851465881
652,-69.77062098,-2.795197838,0.869823396
653,-70.59251958,-2.698658889,0.862656295
654,-69.19929246,-2.972704938,0.901067436
655,-69.33152447,-2.907547136,0.876813889
656,-69.59598849,-2.938209631,0.835345149
657,-68.87925267,-1.76345279,0.847996414
658,-68.77959956,-1.771118414,0.845840871
659,-67.72174348,-1.810213095,0.880936623
660,-68.50651171,-1.946469558,0.836969495
661,-68.95583069,-2.977515508,0.90332216
662,-68.54196522,-2.882633859,0.824732959
663,-68.29009473,-2.994880493,0.868200481
664,-67.96321063,-3.104936948,0.820837855
665,-67.90188564,-3.124101007,0.834161282
666,-67.25797324,-1.823244656,0.888040125
667,-66.97434517,-1.886102771,0.867256403
668,-67.0816639,-1.943594949,0.81782639
669,-67.18898263,-1.989588691,0.848652542
670,-66.80761785,-2.277049582,0.862188756
671,-66.29162555,-2.358257284,0.852792501
672,-66.42861172,-2.42210677,0.88889569
673,-67.24122991,-2.580245175,0.865800619
674,-66.6293921,-2.53768079,0.840410948
675,-67.34612792,-2.572176097,0.853326678
676,-67.3539597,-3.665867859,0.944425285
677,-67.44787165,-2.761551847,0.891401827
678,-66.90104264,-2.722613963,0.871285796
679,-66.82199089,-2.742736225,0.865590155
680,-67.35379354,-2.897965107,0.835692108
681,-66.24576247,-3.07462289,0.898041248
682,-66.39942338,-3.127933819,0.861905634
683,-65.32103438,-1.873783018,0.877007127
684,-65.29074951,-2.354234483,0.934209168
685,-65.12039151,-2.442762331,0.895012259
686,-65.61293039,-2.472522988,0.873004794
687,-65.49104697,-2.545346414,0.854939282
688,-65.00154214,-2.612146849,0.862377226
689,-65.86972878,-2.604371717,0.891661227
690,-64.792517,-2.701054396,0.843799531
691,-65.83408363,-2.811726839,0.86071229
692,-66.13208475,-2.866344409,0.883487165
693,-64.92072456,-2.833573867,0.875501394
694,-65.90882346,-2.913296354,0.883877277
695,-65.26107826,-2.932460413,0.832209885
696,-65.39522667,-2.920961978,0.840441525
697,-64.6102668,-3.401099358,0.90184629
698,-65.11734781,-3.018339355,0.902940691
699,-65.57920164,-2.993785404,0.837746263
700,-64.65127789,-2.681411235,0.89148128
701,-63.86545563,-3.058224553,0.874852598
702,-64.37256277,-3.001451027,0.851326346
703,-64.5021815,-3.10876976,0.876860619
704,-62.69134215,-1.733009313,0.905208111
705,-62.29696192,-1.764805548,0.888510406
706,-62.10130814,-2.040181808,0.87349844
707,-62.37733824,-2.202986129,0.876968145
708,-69.37291884,-3.560274999,0.849310279
709,-69.42744563,-3.949466787,0.909400642
710,-70.32613915,-3.789093868,0.858034611
711,-70.40777805,-3.884530884,0.844519436
712,-70.2027923,-3.93334697,0.893844843
713,-70.51653972,-3.923355014,0.889826894
714,-70.3088915,-4.050683279,0.824887872
715,-70.02398582,-4.10913366,0.85355413
716,-69.53159725,-4.291575506,0.887109816
717,-69.98074384,-4.350305977,0.869641483
718,-69.48866976,-4.553739838,0.853448987
719,-70.28206182,-4.687888254,0.841742396
720,-68.56496209,-3.359818938,0.865758717
721,-68.33575994,-3.321107538,0.830883801
722,-68.91534498,-3.564554973,0.89285332
723,-67.85205909,-3.982650868,0.828753054
724,-67.90188564,-4.275477696,0.919093609
725,-68.09113073,-4.582485927,0.881830275
726,-67.21581231,-3.686429265,0.892943978
727,-66.36109526,-3.825505581,0.835552871
728,-66.43008588,-3.879164948,0.874125004
729,-66.50578391,-4.039184844,0.86084336
730,-66.49141087,-4.214535987,0.849699676
731,-66.57649929,-4.438755482,0.872016072
732,-66.67702847,-4.442040749,0.916383326
733,-65.19208764,-3.208422869,0.868951261
734,-66.08528612,-3.420454022,0.866052985
735,-64.93049823,-3.38952323,0.853240967
736,-65.05098184,-3.827338665,0.920294106
737,-65.21344188,-3.527093799,0.883325577
738,-66.15795623,-3.656861859,0.827213705
739,-65.41822354,-4.420770749,0.90019089
740,-64.20969005,-3.381618056,0.897706032
741,-64.12515385,-3.660795534,0.895530403
742,-63.96175503,-3.582122027,0.876057148
743,-64.22391936,-3.613167803,0.84295249
744,-63.94093354,-3.809138439,0.885478854
745,-63.30454757,-3.88323731,0.894833505
746,-63.65129727,-4.224118017,0.840601683
747,-63.813918,-4.285990551,0.879488945
748,-64.01349799,-4.333353155,0.865314424
749,-63.70977502,-4.70363016,0.952796161
750,-64.34886903,-4.534575779,0.871200264
751,-61.9337933,-3.498758369,0.865038037
752,-62.94414347,-3.533253675,0.866495848
753,-62.47462402,-3.534211878,0.834043801
754,-62.36943463,-3.740331984,0.899853528
755,-62.66066281,-3.849681779,0.890087068
756,-62.77511647,-3.882231197,0.86082679
757,-61.99592269,-3.910350099,0.869270146
758,-62.57427713,-3.882997759,0.836363733
759,-62.92919551,-4.029411173,0.839584708
760,-61.92917844,-4.321671411,0.927218437
761,-62.25365068,-4.74991723,0.93390435
762,-69.83515595,-4.884894785,0.876193643
763,-70.36638368,-5.347131897,0.841569841
764,-70.53886021,-5.611595917,0.946936905
765,-68.86392142,-5.117163184,0.858999789
766,-67.68724817,-5.548354521,0.84281683
767,-67.79456691,-5.688252154,0.842624664
768,-67.83442815,-5.97724617,0.865576625
769,-66.3735519,-5.490862343,0.876332343
770,-66.54158586,-5.575009985,0.887014329
771,-66.73000341,-5.720831055,0.834734559
772,-65.65202507,-4.685971848,0.872154355
773,-65.71411662,-4.786008238,0.872597575
774,-65.26874388,-4.810538234,0.841511488
775,-65.92415471,-4.948519462,0.867585003
776,-65.97398126,-5.715081838,0.842501819
777,-65.57824344,-5.750535347,0.891437113
778,-65.86228218,-5.770931382,0.912401855
779,-65.75167818,-5.768741204,0.879998505
780,-65.67502194,-5.766824798,0.89077282
781,-65.4354712,-5.795570887,0.879495502
782,-65.25615035,-5.82842356,0.859726012
783,-65.0729967,-5.839100679,0.863053381
784,-64.72673919,-5.894998536,0.884082854
785,-63.9531312,-4.867072209,0.853623092
786,-64.108935,-5.172355676,0.855390966
787,-64.26235699,-5.301138155,0.897680521
788,-64.38719715,-5.350964709,0.890704036
789,-64.50601432,-5.43528657,0.862995327
790,-63.98015253,-5.533406555,0.851167321
791,-63.42822761,-5.680586531,0.859139144
792,-63.68879216,-5.731079661,0.862063527
793,-64.46977682,-5.79243495,0.891896427
794,-63.26943793,-5.767010257,0.915887892
795,-63.4120203,-6.194183322,0.907264531
796,-62.54361463,-4.691721066,0.811217606
797,-62.68916566,-4.915078178,0.907302618
798,-62.45545996,-4.825102919,0.841131091
799,-62.92601133,-4.849161185,0.979490221
800,-62.52215089,-4.845800103,0.906447649
801,-62.96417863,-5.129706932,0.899046957
802,-63.13156798,-5.064270381,0.963744879
803,-62.63368571,-5.26089363,0.841205716
804,-63.07867517,-5.280440971,0.859178364
805,-62.09613385,-5.579975219,0.931704283
806,-61.91690198,-6.023239913,0.905080378
807,-69.78304552,-6.866584969,0.906472027
808,-69.65118098,-6.554467639,0.863728225
809,-69.93072073,-6.677117619,0.88817209
810,-70.37295421,-6.738442609,0.854335546
811,-70.1380576,-6.731872075,0.857913315
812,-70.23990089,-6.738442609,0.849392414
813,-70.05400951,-6.757606669,0.84002316
814,-70.52831998,-6.800725802,0.864852667
815,-69.91027906,-6.868758213,0.846270263
816,-70.34266815,-7.520336233,0.907728314
817,-68.2123434,-6.255508312,0.82623589
818,-68.12035592,-6.213347382,0.8617993
819,-68.33116057,-6.263173936,0.837206304
820,-67.8884708,-6.335997362,0.842802584
821,-68.93866125,-7.14855348,0.837051928
822,-67.75623879,-7.405351876,0.829442084
823,-68.35799025,-7.466676866,0.867688537
824,-66.24131989,-6.591837555,0.866016328
825,-67.10849358,-6.769105104,0.852344573
826,-64.87013144,-6.125192709,0.839257121
827,-64.97711689,-6.38849022,0.88093698
828,-65.24095599,-6.350370406,0.814012647
829,-65.67885475,-6.366659857,0.828291655
830,-65.43355479,-6.390614931,0.849599063
831,-65.95481721,-6.470145778,0.830059648
832,-66.06596875,-6.513073271,0.819956481
833,-66.17175436,-6.570565449,0.877482772
834,-64.99608354,-7.581189492,0.896604478
835,-65.32623606,-7.516503421,0.851877809
836,-64.25304873,-6.171186451,0.824284136
837,-64.34661443,-6.576788132,0.919657767
838,-63.2964884,-6.340925263,0.935940564
839,-63.5976379,-6.427984847,0.836402118
840,-64.50793072,-6.633040283,0.868334711
841,-64.22533455,-7.02059653,0.883966446
842,-63.73178632,-7.20987847,0.988088548
843,-64.28946044,-7.426432342,0.854816139
844,-63.26159835,-7.703776392,0.982118487
845,-64.510544,-7.458662805,0.930528283
846,-64.60950024,-7.478175302,0.832717776
847,-64.68615647,-7.499255767,0.905028701
848,-62.02119346,-6.217536734,0.959007323
849,-62.18442541,-6.168448728,0.854488552
850,-62.29085078,-6.486082206,0.913260102
851,-63.22010593,-6.597848101,0.873850584
852,-62.47615714,-6.664852621,0.902032256
853,-62.39796778,-6.767188698,0.84943682
854,-63.05337861,-6.868758213,0.833713531
855,-63.22298054,-7.0259035,0.884126186
856,-62.73717163,-7.212178157,0.87236464
857,-63.18150404,-7.282154351,0.856933892
858,-63.00620121,-7.516108866,0.928677976
859,-62.71992398,-7.462844054,0.909671843
860,-63.15686453,-7.508837797,0.911114156
861,-69.71672206,-8.445960301,0.916659653
862,-69.7596721,-8.614716754,0.895291269
863,-69.62281817,-8.674012608,0.856569886
864,-67.38828885,-7.614240124,0.852466345
865,-67.20431388,-7.675565114,0.845305383
866,-67.10801448,-7.744555727,0.87076062
867,-66.94751548,-7.754137757,0.834510326
868,-67.14912139,-8.504602323,0.866677523
869,-65.25271576,-7.99908928,0.872962952
870,-65.54662274,-8.148917381,0.885356843
871,-63.55930978,-8.024624767,0.874486148
872,-63.37820942,-8.29073142,0.895724416
873,-62.77971584,-7.575528724,0.854390204
874,-62.03001784,-8.130392123,0.87301898
875,-62.9646764,-8.248844262,0.925548375
876,-63.25172663,-8.21311698,0.923197806
877,-61.98258679,-8.767916499,0.848761797
878,-62.25768687,-8.766766656,0.869184732
879,-66.69880971,6.62219551,0.972589195
880,-64.33460086,5.748274046,0.988786757
881,-65.33198528,7.332139181,0.896334648
882,-64.77047833,6.506168221,0.865978956
883,-64.34503622,6.793629112,0.831894338
884,-64.38528074,6.65756429,0.871263087
885,-64.47777254,6.206603713,0.913904011
886,-64.15783361,6.198332909,0.892258763
887,-62.86509173,7.028867941,0.8915658
888,-62.87706927,6.853037696,0.855434656
889,-62.81909799,6.659480696,0.866947114
890,-62.97576417,6.374894414,0.84138149
891,-67.8252294,4.789658162,0.909805119
892,-68.2775012,4.869557548,0.851153255
893,-68.03910031,4.851926614,0.899103343
894,-68.403984,4.838895053,0.854519904
895,-68.16853984,4.834514697,0.850376189
896,-68.84793685,4.53671268,0.961622059
897,-66.34193121,4.995082137,0.887202978
898,-65.80533754,5.89291832,0.852542222
899,-65.50829462,5.486640261,0.859829009
900,-66.09663124,4.950046598,0.827695668
901,-66.00759208,4.83830539,0.882685602
902,-64.28946044,5.88333629,0.895466149
903,-64.55622415,5.705110538,0.888953865
904,-63.78927849,4.877223172,0.90026325
905,-69.55073658,4.460683068,0.954901278
906,-69.37751821,4.440282618,0.95272094
907,-69.37291884,3.692884301,0.851504982
908,-70.02143061,3.616228064,0.83552599
909,-67.70334598,4.631156649,0.881545842
910,-67.80764356,4.404434554,0.868951261
911,-68.00537156,4.50544042,0.842155039
912,-67.68365491,4.052210415,0.897177815
913,-68.09256803,3.993760034,0.860839784
914,-68.23917309,3.984178004,0.846141756
915,-68.41279946,3.951599103,0.836542726
916,-67.96970975,3.792370766,0.882894278
917,-68.26791917,3.69575891,0.828021646
918,-68.19509575,3.660305401,0.874285817
919,-67.19856466,4.469028707,0.944118202
920,-67.5334566,4.006216673,0.871345818
921,-67.01996799,3.831236446,0.895920455
922,-66.84402956,3.79253741,0.847667456
923,-66.85840261,3.6277265,0.909233868
924,-66.57573273,3.558735886,0.856713414
925,-65.65725163,4.537496665,0.910724103
926,-65.87226433,4.504850756,0.930552602
927,-65.88199378,4.286970143,0.83906132
928,-65.50542001,3.740315348,0.909388721
929,-65.76372416,3.696169569,0.918235838
930,-65.5974075,3.603771425,0.90949893
931,-65.67214733,3.572150727,0.876483798
932,-65.78234067,3.432253094,0.901010454
933,-65.30937168,3.184653446,0.881316006
934,-63.26226686,3.677553054,0.856802344
935,-63.80313558,3.47706751,0.981987
936,-63.12620204,4.528437291,0.823951542
937,-62.41866497,3.66988743,0.853075862
938,-62.00989558,3.437044109,0.878812671
939,-61.97482535,3.255943747,0.852402508
940,-70.29739306,3.083467213,0.86706084
941,-69.93423414,2.473091921,0.949511766
942,-70.51093544,2.268720916,0.868682325
943,-70.16171152,2.273977344,0.879777014
944,-70.01978798,2.242438778,0.880234659
945,-70.31464072,2.252130316,0.848752856
946,-70.19007433,2.052440817,0.826874077
947,-69.8972475,1.94052271,0.868477345
948,-69.9869353,1.825538354,0.896318853
949,-70.0910976,1.774674686,0.936593592
950,-68.6301199,2.619696975,0.907872558
951,-68.9681739,2.516594336,0.937144876
952,-66.4032562,3.060470341,0.827962875
953,-67.01680093,1.757609134,0.862057567
954,-65.86282972,3.16012345,0.849820018
955,-65.60603132,1.795642421,0.963562548
956,-63.79311131,2.884160995,0.861506164
957,-63.80460974,2.738514144,0.874745965
958,-62.25998655,3.150541421,0.888683021
959,-63.05625322,2.613468656,0.861985385
960,-69.77229784,1.730484619,0.860079288
961,-69.39668227,1.730484619,0.860500515
962,-70.19773996,1.485184659,0.848374188
963,-70.26059807,1.232219075,0.822687089
964,-70.13545676,1.224553451,0.871794701
965,-69.83362283,1.218804234,0.93042618
966,-69.21654011,1.213055016,0.825505495
967,-70.54460943,1.134482372,0.880777895
968,-69.27403229,1.041217283,0.911047041
969,-69.2122282,0.619927378,0.843263149
970,-70.30505869,0.622801986,0.845551074
971,-69.79912752,0.285514541,0.854705215
972,-69.90261344,0.281681729,0.863546371
973,-69.05939483,1.638497134,0.864162982
974,-68.18660881,1.44083355,0.864517093
975,-68.75003215,1.315993392,0.853282928
976,-68.62698396,1.334659684,0.869308054
977,-68.54733116,1.349503119,0.832337081
978,-69.04406358,0.484820759,0.871780455
979,-68.81792768,0.396666086,0.911826134
980,-67.15065451,1.596336204,0.897506595
981,-66.65238897,1.467937006,0.873251915
982,-66.86702643,1.132565966,0.812231243
983,-67.24785462,0.266657107,0.935490906
984,-65.42205635,0.56914262,0.914060354
985,-63.82577353,1.244717375,0.967341781
986,-63.65025195,1.123506593,0.921173632
987,-63.48112042,0.974654117,0.894128203
988,-63.44560303,0.469489511,0.837204993
989,-63.28622193,0.335341096,0.905764341
990,-70.55610787,0.00763568,0.884518027
991,-67.97854188,0.189694244,0.828754663
992,-68.64736755,0.039256378,0.847833753
993,-68.34265901,0.005719274,0.828546703
994,-66.90181657,-0.147593201,0.901718318
995,-63.99241752,0.090041135,0.842905402
996,-62.80328764,-0.026859627,0.853667319
997,-60.61133846,-9.072295661,0.868353903
998,-60.50129966,-9.16106853,0.928926766
999,-60.73369361,-9.179614394,0.887227118
1000,-60.60175643,-9.212193295,0.875256062
1001,-61.05145477,-9.336321645,0.930553973
1002,-60.84513998,-9.344130473,0.905590892
1003,-60.62283689,-9.460687265,0.923198879
1004,-61.16709618,-9.510194418,0.902926683
1005,-60.69566032,-9.651050255,0.878319025
1006,-60.67553806,-9.7947807,0.881699979
1007,-60.78477319,-9.87526975,0.875172973
1008,-61.17963993,-9.936420521,0.883973897
1009,-60.51807337,-9.967257235,0.948214591
1010,-60.85486943,-10.07737687,0.856089354
1011,-61.45072426,-10.14356658,0.911002934
1012,-60.51980189,-10.17422908,0.956376076
1013,-60.7531525,-10.11098768,0.971941471
1014,-60.59939435,-10.35058299,0.933917522
1015,-61.89149762,-10.37968797,0.889216781
1016,-57.66014385,-8.975893572,0.956239283
1017,-59.51898707,-9.106790968,0.8448475
1018,-60.36220568,-9.287582756,0.922436118
1019,-59.37425794,-9.411310571,0.933851838
1020,-60.14948463,-9.311846404,0.899778783
1021,-59.11270901,-9.451744037,0.830635428
1022,-58.98494862,-9.42363675,0.865358412
1023,-59.32734648,-9.739752473,0.908240199
1024,-59.43658162,-9.757410785,0.878441632
1025,-60.02089846,-9.906539886,0.90159291
1026,-60.4127988,-9.835025225,0.86338836
1027,-59.45587105,-10.30259245,0.929667234
1028,-60.24393606,-9.897992849,0.938092411
1029,-59.51419606,-9.935636537,0.845925391
1030,-59.18361603,-10.01095129,0.892001033
1031,-59.09080723,-10.08634818,0.875383615
1032,-60.35358186,-10.3754517,0.834942222
1033,-58.45346537,-9.180498889,0.947545707
1034,-57.72906392,-9.164283146,0.934600294
1035,-57.61657923,-9.16361657,0.935521066
1036,-58.79075281,-9.217942513,0.817965806
1037,-58.18133573,-9.249030876,0.953832984
1038,-57.87854359,-9.254354225,0.845574558
1039,-58.47933685,-9.418206933,0.863707244
1040,-58.97472778,-9.792864294,0.83435601
1041,-56.03000096,-9.259427065,0.956267416
1042,-57.34961555,-10.27196578,0.825377822
1043,-57.26414384,-10.33559046,0.925326645
1044,-56.80343986,-10.38120092,0.869627059
1045,-54.8812847,-9.091459721,0.845850408
1046,-54.63598474,-9.087626909,0.888228357
1047,-54.72797222,-9.104053245,0.91304177
1048,-54.55242944,-9.3750878,0.915292978
1049,-55.7858283,-9.409583107,0.87647754
1050,-54.65208255,-9.430280291,0.877063036
1051,-54.7406205,-9.568261518,0.843878508
1052,-54.99243624,-9.608889324,0.830465734
1053,-54.5928656,-9.605056512,0.875735581
1054,-54.88484374,-9.732360621,0.863542318
1055,-54.64748317,-9.731539304,0.839796007
1056,-54.87615018,-10.08213312,0.892596245
1057,-54.56316131,-10.09182362,0.843717635
1058,-54.67048004,-10.3435116,0.877585292
1059,-54.43633008,-9.575787767,0.895614088
1060,-54.52100038,-9.574873119,0.892055869
1061,-53.66321708,-9.752236489,0.870253205
1062,-54.03040046,-9.762201799,0.874390364
1063,-53.55129898,-9.808195542,0.859745502
1064,-54.08980905,-9.840774443,0.825178862
1065,-53.69886223,-9.852272879,0.85343188
1066,-53.76224559,-10.28656697,0.980322659
1067,-54.2996555,-10.05062089,0.876910746
1068,-54.10322389,-10.30646109,0.893964231
1069,-53.52207379,-10.36539057,0.860277414
1070,-54.18294637,-10.38005107,0.893786669
1071,-54.51525116,-10.41282162,0.837482214
1072,-60.85323147,-11.04150923,0.896073163
1073,-60.85951303,-11.21196289,0.905053914
1074,-59.27560352,-10.59200557,0.844021976
1075,-59.12420745,-10.6993243,0.895858645
1076,-59.35855652,-10.72738596,0.884456396
1077,-57.33473522,-10.57092511,0.947969973
1078,-56.86380664,-10.52349406,0.850320399
1079,-56.64925629,-10.54061105,0.879774928
1080,-57.12859006,-10.70507352,0.892860115
1081,-57.22719103,-10.68658584,0.892156184
1082,-56.7682259,-10.66291259,0.934422791
1083,-56.58305317,-10.85619582,0.876465559
1084,-56.19018995,-10.85646959,0.846187234
1085,-56.76917452,-10.84136831,0.926751196
1086,-56.60940375,-11.07254436,0.953714132
1087,-56.29942509,-11.01169847,0.857390702
1088,-56.36114658,-11.17042975,0.95108664
1089,-56.26186354,-11.11365127,0.858669281
1090,-56.03879389,-11.21719615,0.939575255
1091,-56.52172818,-11.84725146,0.873623788
1092,-57.30745462,-11.87791396,0.850703359
1093,-55.02693155,-10.42527825,0.837899089
1094,-54.97403875,-10.52263168,0.86865443
1095,-55.05331031,-10.7921009,0.879217505
1096,-55.5028668,-10.94712392,0.892064333
1097,-55.76283143,-10.97720317,0.895148337
1098,-55.67228125,-10.98846205,0.888898849
1099,-54.85445501,-10.97624496,0.884656072
1100,-55.33738931,-11.05769221,0.863175392
1101,-55.44290437,-11.28822458,0.917715728
1102,-55.72488659,-11.30395038,0.87369436
1103,-54.70784996,-11.26370585,0.847135007
1104,-55.64066055,-11.2795162,0.893733144
1105,-55.91231109,-11.31832342,0.898008943
1106,-54.93925598,-11.37294099,0.910103619
1107,-55.09208935,-11.3758156,0.814925432
1108,-54.72483629,-11.4437609,0.91185081
1109,-55.8755161,-11.43100809,0.863866031
1110,-56.00940899,-11.45885986,0.895027339
1111,-55.37188462,-11.52960718,0.852775216
1112,-54.98093781,-11.51762964,0.843412638
1113,-54.80558666,-11.6330931,0.842441618
1114,-54.90907258,-11.61440814,0.869121373
1115,-55.57885646,-11.66327649,0.826788783
1116,-55.48686897,-11.62878118,0.908831775
1117,-55.70476433,-11.73916617,0.889930367
1118,-54.67967879,-11.66557618,0.88148576
1119,-55.32876548,-11.83774314,0.931546509
1120,-55.3661354,-11.72076867,0.88483274
1121,-54.91079735,-11.7955085,0.896808803
1122,-55.52998811,-11.79838311,0.857567966
1123,-53.66245052,-10.52301496,0.867320001
1124,-53.49763961,-10.58242354,0.913090885
1125,-54.07371124,-10.63991572,0.913070023
1126,-54.1731727,-10.74052703,0.872278929
1127,-54.1388908,-11.11978711,0.968430519
1128,-53.21264909,-10.86126061,0.853218853
1129,-53.87464892,-11.13992345,0.96598947
1130,-53.26997058,-11.12629955,0.895585656
1131,-54.34852385,-11.26945507,0.847705781
1132,-54.05991311,-11.3229228,0.890115261
1133,-54.00528696,-11.47295164,0.986354649
1134,-53.48997399,-11.4716359,0.905991793
1135,-54.17006813,-11.65821718,0.959348023
1136,-54.46679347,-11.72076867,0.897825658
1137,-53.56620436,-11.87833982,0.933894992
1138,-54.10078482,-11.89052739,0.987813354
1139,-61.05211182,-12.45954316,0.859090328
1140,-60.86047123,-12.51032792,0.828781188
1141,-61.86562614,-12.74700405,0.921101928
1142,-61.58793892,-13.32135091,0.919930995
1143,-61.48905238,-13.3113856,0.874735355
1144,-57.48759678,-11.8932452,0.882538676
1145,-56.59313952,-12.05906475,0.922077954
1146,-56.93358124,-12.05108737,0.859254599
1147,-56.45465397,-12.02931003,0.885684013
1148,-57.3649468,-12.18837172,0.81270045
1149,-56.81302189,-12.23436546,0.851419866
1150,-56.40062764,-12.5140384,0.935398638
1151,-56.74738498,-12.33306037,0.857898414
1152,-57.15874152,-12.46816699,0.868970811
1153,-56.66545863,-12.46816699,0.917218208
1154,-56.76319533,-12.48254003,0.858640015
1155,-57.21929994,-12.48733105,0.894403994
1156,-57.28573535,-12.62658988,0.924228787
1157,-57.16851519,-12.65645387,0.899133861
1158,-56.61179926,-12.73646382,0.839550138
1159,-55.58706963,-11.98851796,0.876008451
1160,-55.76283143,-11.97373425,0.845837772
1161,-55.02118233,-11.99098191,0.822952569
1162,-55.44819242,-12.11380611,0.903781593
1163,-55.25115104,-12.22382523,0.862720549
1164,-54.76821675,-12.2784428,0.831802547
1165,-55.23102878,-12.3445588,0.847936749
1166,-55.03076436,-12.38001231,0.880397677
1167,-54.72413941,-12.54099041,0.84502089
1168,-54.68033585,-12.86568433,0.906122923
1169,-53.64711927,-11.99385652,0.863159418
1170,-54.44434414,-11.96606863,0.884264112
1171,-54.11855513,-12.08403406,0.985122859
1172,-53.73910676,-12.04272487,0.856224
1173,-54.03040046,-12.04655768,0.951192439
1174,-53.8502583,-12.17304047,0.864533842
1175,-53.94799501,-12.20753578,0.868697584
1176,-54.11329521,-12.41397755,0.982586682
1177,-53.41331775,-12.93193722,0.831342816
1178,-61.39183833,-13.4099934,0.927218914
1179,-61.88656972,-13.47838669,0.854394972
1180,-61.72578488,-13.50032068,0.884321451
1181,-61.58563924,-13.74679303,0.894127071
1182,-61.84860775,-0.693761178,0.912136376
1183,-61.36256959,-0.50485319,0.852345407
1184,-61.54366995,-0.805249821,0.895468354
1185,-61.46145613,-0.796051072,0.920488
1186,-61.556535,-1.491197481,0.913777769
1187,-59.91759951,-0.605943603,0.815760434
1188,-60.00345449,-0.664968906,0.877660513
1189,-59.68079839,-0.793251453,0.91678077
1190,-60.16864868,-0.726677177,0.879965007
1191,-60.09199245,-0.759256078,0.887030721
1192,-59.79590773,-0.971977137,0.886170983
1193,-59.79314476,-1.534153889,0.96412605
1194,-60.2385975,-1.184698197,0.885473073
1195,-58.6575626,-1.055340796,0.869513035
1196,-58.52245598,-1.544982513,0.809898436
1197,-56.82068751,-0.276321781,0.85996443
1198,-56.80791147,-0.603388395,0.891707003
1199,-56.21127042,-0.598277979,0.822513282
1200,-56.86668125,-0.682599841,0.833477676
1201,-57.15989136,-0.954729484,0.845373452
1202,-56.09820247,-0.973893543,0.897595763
1203,-56.97591639,-1.173199761,0.886482537
1204,-56.45169226,-1.37912629,0.832749486
1205,-56.81493829,-1.424248939,0.885165572
1206,-56.64328307,-1.422880078,0.887430191
1207,-56.27146811,-1.50868353,0.845016837
1208,-55.85327435,-1.648754465,0.8848207
1209,-54.87055282,-1.564146573,0.860408187
1210,-54.6896441,-1.638886404,0.851454496
1211,-54.41938573,-1.771290768,0.955622673
1212,-55.60185333,-1.644635622,0.886409223
1213,-54.80558666,-1.653259449,0.814628124
1214,-53.96544323,-0.480677169,0.983434856
1215,-53.35103456,-0.687390855,0.814799607
1216,-53.51680367,-0.861464395,0.868331075
1217,-53.27916933,-1.253688811,0.832349062
1218,-53.62028959,-1.295849741,0.832801521
1219,-53.54823273,-1.295083179,0.827580571
1220,-53.94417728,-1.570212677,0.959649563
1221,-53.65368981,-1.509939662,0.850165606
1222,-54.12813716,-1.549454127,0.898835242
1223,-61.61936798,-1.836276216,0.834085822
1224,-61.22075555,-1.855440276,0.837269902
1225,-61.02812371,-2.328693418,0.947320879
1226,-61.60075147,-2.185062097,0.917795658
1227,-61.71409319,-2.263908513,0.85461092
1228,-60.71290797,-2.340290978,0.928533971
1229,-60.30445692,-2.977475907,0.990562916
1230,-61.00228527,-2.800867206,0.97926873
1231,-61.79951014,-2.909463542,0.835000813
1232,-61.68835859,-2.963122909,0.821672022
1233,-61.54271174,-3.051277582,0.851031244
1234,-61.12493525,-3.116435384,0.850931525
1235,-60.03258386,-1.901434018,0.861213267
1236,-60.16892246,-1.957283563,0.905124903
1237,-59.82752843,-1.964675414,0.867024541
1238,-60.0292986,-2.162886543,0.894949913
1239,-59.38023928,-2.638100461,0.836034238
1240,-59.63442235,-2.68862594,0.881049991
1241,-59.81717984,-2.707091075,0.865283191
1242,-59.11347557,-3.157829752,0.867071211
1243,-58.21902017,-2.337613861,0.935580015
1244,-58.95173091,-2.246387087,0.844614744
1245,-58.54873812,-2.277049582,0.855546772
1246,-57.56578614,-2.359838319,0.850788414
1247,-57.96888844,-2.454454018,0.841024399
1248,-57.64282566,-2.435153072,0.833769977
1249,-57.80955297,-2.579144846,0.866046011
1250,-57.69226893,-2.555311725,0.863760173
1251,-57.13887122,-2.688515394,0.933349967
1252,-58.97089497,-2.606671404,0.815912068
1253,-58.02227403,-2.719739354,0.891132414
1254,-58.22744924,-2.795557164,0.880710185
1255,-58.65468799,-2.811726839,0.901162207
1256,-58.51120751,-3.020823392,0.908158839
1257,-57.74822798,-2.913296354,0.839523494
1258,-58.08839004,-2.94108424,0.879112661
1259,-58.85691048,-3.10793654,0.855621636
1260,-58.73709345,-3.103020542,0.851239026
1261,-58.36388885,-3.352524231,0.868369937
1262,-57.97843625,-3.227107827,0.872410595
1263,-57.10048278,-1.790282474,0.852555573
1264,-55.81905455,-2.151464104,0.949844003
1265,-56.21510323,-1.912932454,0.894045949
1266,-56.24959854,-2.001087127,0.843729734
1267,-56.60221723,-2.146733978,0.847315073
1268,-56.57155474,-2.326876137,0.827590108
1269,-56.6237768,-2.968393025,0.857143402
1270,-55.85974682,-1.820397424,0.851822197
1271,-55.62320757,-1.932096513,0.844264448
1272,-54.88730769,-1.958378652,0.896068394
1273,-55.06525967,-2.043248058,0.901238501
1274,-55.690008,-2.066244929,0.887169182
1275,-54.69219931,-2.121181899,0.87565887
1276,-54.75425436,-2.212986869,0.847670496
1277,-54.6244863,-2.23105584,0.823708355
1278,-55.30453664,-2.28526275,0.848960221
1279,-54.81133588,-2.288548018,0.845118761
1280,-55.45600475,-2.340593569,0.880408585
1281,-54.75730051,-2.689319442,0.944450021
1282,-54.66281442,-2.376702691,0.881498814
1283,-55.76714334,-2.629189174,0.843759596
1284,-55.69959003,-2.807894027,0.834106088
1285,-55.20937339,-2.809810433,0.904822767
1286,-54.71187441,-3.058943205,0.847528219
1287,-54.87757553,-3.32550909,0.905744791
1288,-53.24812356,-1.894674332,0.931898355
1289,-53.46889352,-1.962759008,0.838528633
1290,-53.5863881,-2.180041653,0.932835579
1291,-53.83952643,-2.186595222,0.893074036
1292,-54.16167427,-2.179312879,0.887735128
1293,-54.01506921,-2.185062097,0.839864969
1294,-54.40026681,-2.202309751,0.833888829
1295,-53.92965226,-2.388748671,0.859461665
1296,-53.7534798,-2.403532374,0.860712051
1297,-53.68544739,-2.41503081,0.835071385
1298,-54.13737076,-2.492383922,0.836248696
1299,-54.28719886,-2.545346414,0.871548474
1300,-54.4635082,-2.643083117,0.853757679
1301,-53.50338883,-2.656497958,0.844984293
1302,-54.21820824,-2.710157325,0.824253142
1303,-54.42671321,-2.856570738,0.835773051
1304,-54.202877,-2.871135423,0.886807203
1305,-54.52483319,-2.940126037,0.823292673
1306,-60.96874816,-3.240043567,0.849354565
1307,-61.19392586,-3.288528637,0.885454655
1308,-60.95501392,-3.36045774,0.880251288
1309,-61.06548049,-3.626453345,0.915905774
1310,-61.66919454,-3.707454975,0.909593821
1311,-61.49906714,-3.658716445,0.963691294
1312,-60.33134146,-3.743907034,0.923781335
1313,-61.78341233,-3.783344651,0.925833941
1314,-61.78226249,-3.955821185,0.892161071
1315,-61.48675269,-3.983417431,0.885745823
1316,-61.60403673,-4.156222492,0.897165895
1317,-60.56917753,-4.148419982,0.88100636
1318,-60.46952442,-4.139796155,0.887430966
1319,-60.83364155,-4.163838339,0.902745485
1320,-60.70715875,-4.193455522,0.866864502
1321,-60.51858441,-4.531509529,0.911729038
1322,-60.85663842,-4.535342341,0.855252981
1323,-61.41239614,-4.653392947,0.868936718
1324,-59.35034335,-3.291786527,0.89097327
1325,-59.00462372,-3.412328461,0.903672934
1326,-59.27368711,-3.35406972,0.823101997
1327,-59.09649327,-3.449005522,0.876422703
1328,-59.56704464,-3.366747483,0.899573863
1329,-59.86483149,-3.710476657,0.896158218
1330,-59.42220857,-3.481510715,0.838515222
1331,-60.08241042,-3.55720875,0.825041711
1332,-59.11909703,-3.654306651,0.870862007
1333,-59.21108452,-3.668360294,0.873710215
1334,-59.07494179,-3.8638337,0.924900889
1335,-59.18792795,-3.801310956,0.86332643
1336,-59.79928227,-3.952821593,0.876215279
1337,-59.17020119,-3.963486809,0.90381217
1338,-59.174034,-4.097635225,0.872514009
1339,-59.91606638,-4.165092714,0.872387171
1340,-60.33154319,-4.166625838,0.872762024
1341,-59.42918976,-4.212072036,0.86381495
1342,-59.00539028,-4.237532858,0.859525084
1343,-60.00000496,-4.249031294,0.86666584
1344,-59.8229687,-4.361438415,0.899293303
1345,-60.17124952,-4.357445116,0.928057551
1346,-59.3350121,-4.358266432,0.812937021
1347,-60.02275187,-4.438755482,0.879668176
1348,-60.31046272,-4.476125398,0.912807107
1349,-57.6372071,-3.360907805,0.924591899
1350,-58.8827403,-3.258249423,0.83689779
1351,-57.96414305,-3.55401474,0.848664463
1352,-57.64474206,-3.522713443,0.824521363
1353,-58.69493252,-3.518880631,0.863580704
1354,-58.1717537,-3.57883676,0.866549134
1355,-58.84872409,-3.675546817,0.826043725
1356,-58.94214888,-3.754598562,0.842882514
1357,-58.86357624,-3.825505581,0.847453833
1358,-58.92202662,-4.036310235,0.841466546
1359,-58.91570248,-4.337569248,0.856532931
1360,-58.22349666,-4.354433621,0.862216413
1361,-58.18325213,-4.466351727,0.88828516
1362,-57.09664996,-3.193091621,0.820212126
1363,-56.9225308,-3.444962116,0.924514294
1364,-56.38374695,-3.399584361,0.866979659
1365,-57.49909521,-3.668360294,0.859407961
1366,-57.1852365,-3.728281719,0.928578377
1367,-57.0104117,-3.662611076,0.852620244
1368,-57.36801305,-3.710904506,0.888166845
1369,-56.77557826,-3.714354037,0.931097746
1370,-56.01717683,-4.381723241,0.927125871
1371,-56.1606773,-4.411159236,0.823097646
1372,-56.2934021,-4.451896551,0.861225426
1373,-54.75863472,-3.423060334,0.873604596
1374,-54.59382381,-3.453722829,0.837614775
1375,-55.39174555,-3.771846215,0.929269314
1376,-54.57274334,-3.748849344,0.866680801
1377,-54.77161401,-3.978034072,0.901694179
1378,-55.49179688,-3.840836829,0.859381914
1379,-55.5922713,-3.950455249,0.872262359
1380,-55.26963067,-4.16443566,0.875784576
1381,-55.81664411,-4.132437157,0.878776193
1382,-55.10388262,-4.114145799,0.870149255
1383,-55.5140471,-4.195720365,0.904055893
1384,-55.76211278,-4.309398081,0.878145337
1385,-55.95412359,-4.238055514,0.890507758
1386,-55.38338305,-4.342935185,0.895027518
1387,-55.61718458,-4.446421106,0.82828778
1388,-54.9993353,-4.48014985,0.934329271
1389,-54.87361907,-4.488582036,0.883483827
1390,-55.96980327,-4.625605061,0.865869522
1391,-53.95757704,-3.199799042,0.862818182
1392,-53.71738749,-3.207145265,0.906419694
1393,-52.70417952,-3.225563854,0.982285261
1394,-54.12622076,-3.304243166,0.866008818
1395,-53.75500015,-3.620782323,0.943005681
1396,-53.41808287,-3.552754401,0.891952991
1397,-54.03040046,-3.453722829,0.857805431
1398,-54.3331926,-3.66069467,0.845647037
1399,-54.0744778,-3.758431373,0.834740937
1400,-54.21054262,-3.86702771,0.928613603
1401,-53.95326512,-3.848023351,0.871839881
1402,-53.55513179,-3.861534013,0.917818248
1403,-54.36733947,-3.887875884,0.912400961
1404,-54.56009506,-3.935124001,0.869812191
1405,-53.87325517,-3.982650868,0.873303831
1406,-54.19521137,-4.032477423,0.838001668
1407,-53.36221359,-4.065695126,0.845238626
1408,-53.50338883,-4.030561017,0.88441211
1409,-53.69886223,-4.111050066,0.863254905
1410,-53.5199601,-4.323094747,0.901733756
1411,-53.6609174,-4.392761739,0.843319952
1412,-53.80065721,-4.425227911,0.886565447
1413,-53.99925886,-4.5091834,0.930559933
1414,-54.33291883,-4.580843294,0.843586922
1415,-54.16071606,-4.595900769,0.85142225
1416,-54.09555826,-4.599733581,0.875703692
1417,-61.2175124,-4.682876115,0.920742333
1418,-61.3352608,-4.696032979,0.893551409
1419,-61.46375582,-4.797506674,0.839026868
1420,-61.15943056,-5.186153798,0.907081664
1421,-61.26729683,-5.174655363,0.896646321
1422,-60.7163575,-5.256294256,0.883601964
1423,-60.57607659,-5.303437842,0.899269283
1424,-61.71007786,-5.372683976,0.992848992
1425,-61.60978595,-5.456367036,0.899492264
1426,-60.76695062,-5.482813438,0.867480159
1427,-61.27770018,-5.718914649,0.863160491
1428,-61.10040525,-5.581699984,0.884975433
1429,-60.8195879,-5.603930293,0.869753659
1430,-61.0137837,-5.580933422,0.846428394
1431,-61.44619457,-5.775709953,0.855994642
1432,-61.55037737,-5.826233382,0.844655812
1433,-61.69393359,-5.853063065,0.890976012
1434,-60.78381499,-5.84156463,0.84536761
1435,-61.39514849,-5.885641966,0.882254303
1436,-61.48138675,-5.962298204,0.857364774
1437,-61.8186742,-5.979545857,0.841718793
1438,-61.62076173,-6.009859915,0.877111793
1439,-59.92909794,-4.684055442,0.856599867
1440,-60.22422446,-4.950435868,0.888286948
1441,-60.40947703,-5.270901528,0.879578888
1442,-60.40915763,-5.478405704,0.929728568
1443,-60.22795368,-5.921121373,0.896218419
1444,-59.5750855,-5.762120892,0.873370826
1445,-59.95976044,-5.764908392,0.826106608
1446,-60.00393864,-5.95957489,0.922382355
1447,-60.12936236,-6.097404822,0.848427653
1448,-57.92453733,-4.674473412,0.84876883
1449,-58.28558821,-4.691721066,0.893919349
1450,-57.54613427,-5.243645976,0.909198105
1451,-56.17584281,-4.906772889,0.924678266
1452,-56.21701964,-4.651476541,0.830586493
1453,-56.47190163,-4.877612442,0.87295711
1454,-56.464236,-5.10279014,0.870072126
1455,-56.42590789,-5.239813165,0.874531746
1456,-57.16794026,-5.367829081,0.812635124
1457,-57.10409013,-5.511491889,0.886814952
1458,-56.49664069,-5.728670898,0.867841303
1459,-57.31265629,-5.763539531,0.87330389
1460,-57.44390272,-5.758775893,0.825011313
1461,-56.69803753,-5.730413085,0.824804902
1462,-57.03125261,-5.78694706,0.89579457
1463,-56.56110161,-5.919963054,0.891626716
1464,-57.39124782,-6.092944222,0.900868118
1465,-56.89255273,-6.071533342,0.849935532
1466,-56.48305163,-6.137388019,0.890610814
1467,-55.33738931,-5.739995115,0.863596201
1468,-55.31055963,-5.968047422,0.828178763
1469,-55.57266499,-6.197308538,0.973046303
1470,-54.46515084,-5.352059798,0.875895381
1471,-54.51812577,-5.513859214,0.81535548
1472,-53.64297984,-5.653450223,0.95416081
1473,-54.27186761,-5.657589659,0.840755045
1474,-53.85153591,-5.858173481,0.938136697
1475,-53.35965838,-5.834994095,0.862929165
1476,-53.65861771,-5.844439238,0.897650659
1477,-53.41715056,-5.915483144,0.911569893
1478,-53.24440453,-5.904806026,0.862863421
1479,-53.7189845,-5.953674377,0.892166018
1480,-53.23734377,-6.016340851,0.891919374
1481,-53.38150541,-6.078432404,0.9339239
1482,-61.81985353,-6.205092095,0.856974959
1483,-60.74165406,-6.226762223,0.84287864
1484,-61.80772331,-6.47397859,0.972808421
1485,-60.77040015,-6.715445738,0.889985085
1486,-61.40473052,-6.767188698,0.825124145
1487,-60.69021369,-6.82014202,0.951151252
1488,-60.68876126,-7.150086605,0.848070085
1489,-60.66461454,-7.469743116,0.90397495
1490,-60.74165406,-7.543333104,0.92241478
1491,-60.3679549,-6.323540723,0.878620565
1492,-60.09774167,-6.293836431,0.828127861
1493,-59.94453338,-7.0744202,0.980803013
1494,-59.10504339,-6.849594154,0.870973766
1495,-59.29668398,-6.872591025,0.882986844
1496,-59.45612896,-6.936215702,0.860469341
1497,-59.38771326,-7.080521069,0.854139984
1498,-59.58561903,-7.203244757,0.892231584
1499,-60.24831642,-7.331433361,0.906847119
1500,-57.82105141,-6.20951457,0.869674563
1501,-58.49227259,-6.524284246,0.934990466
1502,-57.62941082,-6.669451995,0.812104702
1503,-57.96190725,-6.884408862,0.992185533
1504,-57.86129593,-7.071897243,0.91126591
1505,-58.00684791,-7.525573144,0.938030541
1506,-57.84277068,-7.20987847,0.974401176
1507,-57.93028655,-7.38714602,0.892511249
1508,-57.7520608,-7.466382035,0.934234023
1509,-58.22767791,-7.545423728,0.843438804
1510,-56.36841571,-6.159688016,0.824888527
1511,-57.49142959,-6.190350511,0.814532101
1512,-56.35865946,-6.361084858,0.869324565
1513,-57.47609834,-6.480877651,0.840636551
1514,-56.34925165,-6.53530358,0.840356052
1515,-56.08314499,-6.538041302,0.908762455
1516,-56.19402277,-6.554467639,0.854528844
1517,-56.67777838,-6.77458055,0.82646662
1518,-56.51214615,-6.802642208,0.899995327
1519,-56.90225454,-7.052852959,0.88476336
1520,-57.34099172,-7.15813551,0.842898428
1521,-56.26237458,-7.230320134,0.901978254
1522,-56.58026567,-7.287231583,0.868421614
1523,-55.817449,-6.143398565,0.856100976
1524,-55.95255562,-6.188434105,0.875386775
1525,-55.23390339,-6.228678629,0.843022048
1526,-55.15712586,-6.594075383,0.978948057
1527,-54.7193484,-6.442357892,0.968226731
1528,-55.19821225,-6.988096644,0.948674738
1529,-55.34286476,-6.943771817,0.872526109
1530,-55.56735802,-6.939665233,0.920646131
1531,-55.07292529,-6.954038277,0.873176575
1532,-55.4945346,-7.156219104,0.829999208
1533,-55.04351583,-7.245921644,0.91575402
1534,-55.42554398,-7.202212847,0.818288028
1535,-55.33425606,-7.776435066,0.983365357
1536,-55.20400746,-7.265070961,0.884869218
1537,-55.72833612,-7.529918262,0.835608959
1538,-53.54060745,-6.175624444,0.893021762
1539,-53.45394555,-6.306101429,0.891341448
1540,-54.1722145,-6.818931659,0.834429085
1541,-54.27953323,-7.451345619,0.863081038
1542,-53.37324744,-7.651000274,0.867969096
1543,-60.96549027,-7.732674011,0.878336668
1544,-61.66919454,-7.915115856,0.88657701
1545,-61.9144945,-8.233239242,0.86926949
1546,-57.5910827,-7.569204584,0.938289046
1547,-58.5914466,-7.934279915,0.856714845
1548,-58.31676175,-8.03904344,0.884793878
1549,-58.41130444,-8.490037638,0.829455912
1550,-57.63265396,-8.640549212,0.927035391
1551,-58.3672271,-8.650057534,0.957612932
1552,-56.42207507,-7.698561985,0.870798349
1553,-56.68170642,-7.816795899,0.879122496
1554,-56.06562357,-7.834626807,0.961924314
1555,-54.96484,-7.629571371,0.907690823
1556,-55.7219481,-7.627654965,0.845115781
1557,-55.82474608,-7.673353876,0.863680542
1558,-55.63905415,-7.785476631,0.879445553
1559,-54.90996823,-7.89681617,0.977630794
1560,-55.13233388,-7.924697886,0.882498682
1561,-55.58652208,-8.145084569,0.843812466
1562,-55.11125341,-8.366110054,0.855747938
1563,-54.97863812,-8.309128917,0.857059598
1564,-54.68581129,-8.386551717,0.91799891
1565,-54.60148943,-8.579076806,0.874222755
1566,-54.96943937,-8.934643816,0.843146741
1567,-53.85792393,-8.932531858,0.994797349
1568,-53.30647812,-7.609449109,0.876463652
1569,-54.48267226,-7.627654965,0.817265391
1570,-53.27150371,-7.846125242,0.840238869
1571,-53.58196147,-8.592245955,0.841901243
1572,-61.83400545,8.52348491,0.954901278
1573,-60.68505575,8.47962427,0.956239283
1574,-60.69336063,7.596710998,0.885115325
1575,-60.82811221,6.768338877,0.984346747
1576,-59.44060888,6.058735854,0.994710684
1577,-61.77651327,6.436518842,0.823478043
1578,-61.53249091,6.350280575,0.851765811
1579,-61.67877657,6.356029793,0.874550343
1580,-57.625578,6.127977486,0.820847332
1581,-57.24038041,6.183553258,0.933449686
1582,-56.09007148,5.792582209,0.961622059
1583,-56.99603865,5.852973234,0.827046752
1584,-54.36839493,5.829755629,0.956239283
1585,-54.78738081,5.790690041,0.878149271
1586,-54.67967879,5.727065363,0.84850359
1587,-55.14510992,5.638655169,0.883308828
1588,-54.40462228,5.545041643,0.871310294
1589,-54.25653636,5.602882259,0.851170599
1590,-60.06981689,4.249352121,0.904392838
1591,-59.92937171,4.106442992,0.902598798
1592,-58.25224275,5.459151813,0.840447545
1593,-58.74475907,5.261762001,0.819263279
1594,-58.25415915,4.813323012,0.861319244
1595,-57.85061882,4.694505843,0.88412118
1596,-58.69493252,4.660010536,0.871963322
1597,-58.49318724,4.368368396,0.897947907
1598,-58.47646224,4.200073111,0.926259935
1599,-58.00138053,4.010769597,0.939101398
1600,-57.26360725,5.245050942,0.912811399
1601,-55.11148992,4.862266141,0.952067554
1602,-54.99531085,5.436154942,0.861929476
1603,-55.57502365,5.288591685,0.889459372
1604,-55.64273666,5.179995348,0.882900476
1605,-54.52141104,5.057117224,0.882588923
1606,-55.59802052,5.062455784,0.820313931
1607,-55.69959003,5.022211259,0.873823881
1608,-54.86659225,4.498713036,0.87319994
1609,-54.59765662,4.548858992,0.873345196
1610,-54.9544914,4.286598839,0.912699878
1611,-55.44394148,4.295893408,0.868556917
1612,-53.30481969,5.507946457,0.955285251
1613,-54.32935979,5.246430754,0.861414373
1614,-54.06872858,5.208102635,0.835978091
1615,-54.42179819,4.352709207,0.884127259
1616,-54.32782666,4.641613039,0.911408365
1617,-53.47803117,2.494059183,0.994179606
1618,-54.50950195,4.246066853,0.856083691
1619,-54.48267226,4.111918438,0.846968293
1620,-60.60367283,3.314693567,0.85399729
1621,-61.71135547,3.330024814,0.827895641
1622,-61.83191482,3.29796857,0.903475463
1623,-61.04981214,3.134168127,0.887754381
1624,-61.14409931,3.048138923,0.865301728
1625,-60.81447749,3.019567052,0.88085252
1626,-60.96242403,2.932945504,0.850817859
1627,-60.59600721,2.927579567,0.853997886
1628,-60.49328785,2.870853951,0.851162732
1629,-61.11075384,2.773117248,0.892988324
1630,-60.70332594,2.801096775,0.83850801
1631,-61.24566882,2.783849122,0.860921681
1632,-60.51935097,2.766601468,0.827383637
1633,-61.01761652,2.690492775,0.879397988
1634,-60.14756822,3.446925577,0.876711667
1635,-59.74895578,3.249535765,0.876640856
1636,-58.7217622,3.674977883,0.867075622
1637,-57.75825226,3.630458299,0.90766114
1638,-57.65153162,3.425078549,0.880414426
1639,-58.21583103,3.364520121,0.859892488
1640,-57.5929991,3.090474072,0.841317296
1641,-56.06639013,3.32849169,0.969045162
1642,-54.70880816,4.08700516,0.852100313
1643,-54.82455908,4.019547671,0.876667976
1644,-54.59574021,4.010348923,0.902249038
1645,-54.7805365,3.82965922,0.875385106
1646,-54.55849697,2.800690616,0.995466113
1647,-54.29793073,3.96090565,0.896354139
1648,-54.19042036,3.834997779,0.864847541
1649,-61.22331075,2.569850458,0.855055034
1650,-60.71099157,2.51555229,0.825316668
1651,-61.63278282,2.504053854,0.863960028
1652,-60.90550677,2.397693325,0.901513755
1653,-61.2693045,2.338604142,0.874315083
1654,-61.27345671,2.17347383,0.88460505
1655,-60.88730091,2.092026578,0.857236326
1656,-60.64391736,1.687664924,0.861029029
1657,-61.26381831,1.5432581,0.885970533
1658,-60.32460883,1.378947057,0.908637404
1659,-60.81639389,1.474943865,0.825197697
1660,-61.37981724,1.056847969,0.902976394
1661,-60.49156309,1.311091157,0.828269362
1662,-56.80918907,2.366072627,0.879272878
1663,-61.08405192,1.030337687,0.855825841
1664,-61.19584227,0.969012697,0.904174864
1665,-61.69314961,0.554110811,0.853978276
1666,-61.82122941,0.552513806,0.846774399
1667,-60.50018691,0.451583093,0.834411442
1668,-61.66152891,-0.058180887,0.872940004
1669,-60.23189008,0.604895568,0.849949479
1670,-58.11081199,-0.102641504,0.893725514
1671,-53.53596773,-0.1271715,0.850216806
1672,-52.11038928,-8.919246692,0.881637871
1673,-51.95774755,-9.33340597,0.94077158
1674,-51.85569893,-9.42683076,0.87622118
1675,-52.15753287,-9.438329196,0.870552301
1676,-52.63471795,-9.689378374,0.863891184
1677,-52.11920475,-9.687461968,0.862766445
1678,-52.01380242,-9.800529918,0.897037566
1679,-52.30727151,-10.20017825,0.935021996
1680,-51.88357014,-10.11423724,0.901927233
1681,-52.04411648,-10.11856619,0.90944916
1682,-52.7250628,-10.13234192,0.893074751
1683,-52.99787687,-10.20968259,0.928332269
1684,-52.59314668,-10.15875041,0.861654639
1685,-52.56860194,-10.27196578,0.912912726
1686,-52.68701986,-10.56078412,0.936607301
1687,-51.56306375,-9.025535356,0.873849392
1688,-51.48158912,-9.023564196,0.885924101
1689,-50.76622216,-9.035883948,0.841072559
1690,-50.97894322,-9.073253864,0.895136774
1691,-50.39635581,-9.106790968,0.852314651
1692,-51.59602593,-9.31376281,0.845961452
1693,-50.90420338,-9.495821374,0.872305155
1694,-50.81796512,-9.538940507,0.88838166
1695,-47.72559894,-7.398455998,0.994659007
1696,-51.63435405,-10.0209166,0.862430155
1697,-51.73209075,-10.15698142,0.925747991
1698,-51.27790254,-10.23172125,0.89609015
1699,-51.72825794,-10.33137436,0.866919577
1700,-53.07822904,-10.52000346,0.88005048
1701,-52.46511602,-10.46456458,0.837588847
1702,-52.29507185,-10.48955156,0.897736728
1703,-52.37025393,-10.51918215,0.904159069
1704,-52.00077086,-10.65371384,0.877085686
1705,-52.22230739,-10.67441103,0.893845439
1706,-52.82635854,-10.71657196,0.91632247
1707,-52.93597696,-10.74455148,0.912294269
1708,-52.41912228,-10.7951446,0.829852819
1709,-52.49673672,-10.86758475,0.930626452
1710,-52.21502505,-10.91012896,0.841444373
1711,-51.85052464,-10.94347442,0.851386309
1712,-52.11441374,-10.95324809,0.846446335
1713,-52.21694145,-11.04619378,0.849416912
1714,-53.16236838,-11.33876509,0.879287004
1715,-52.95411894,-11.40264528,0.910096824
1716,-52.59447342,-11.45055543,0.890796959
1717,-53.01991554,-11.5061312,0.884187698
1718,-52.77485513,-11.61297084,0.890199959
1719,-52.50248594,-11.68627336,0.847054362
1720,-51.90210333,-11.8735336,0.899230242
1721,-52.18857865,-12.20830234,0.83791244
1722,-52.83019135,-12.22669984,0.829727411
1723,-52.07819366,-12.4290723,0.872749925
1724,-52.27826644,-12.41642403,0.86004436
1725,-52.57722577,-12.47966542,0.862479985
1726,-52.06362898,-12.55248885,0.900951505
1727,-52.92792806,-12.72400718,0.822680652
1728,-52.74203668,-0.264823346,0.842841983
1729,-52.53762005,-0.604665999,0.89696157
1730,-52.39708361,-0.954729484,0.872764111
1731,-53.06016007,-1.213444286,0.849190891
1732,-51.82818482,-1.370315801,0.881307542
1733,-52.8761851,-1.357174731,0.844027758
1734,-51.91798213,-1.422332533,0.867493033
1735,-52.66154763,-1.514320018,0.894208908
1736,-52.50248594,-1.512403612,0.828959048
1737,-52.41624767,-1.506654395,0.829078555
1738,-52.16040748,-1.577082313,0.929567337
1739,-52.21502505,-1.627387969,0.846899748
1740,-53.06016007,-1.652301246,0.84727627
1741,-51.10830062,-0.22745343,0.956756532
1742,-50.95155679,-0.399146608,0.956715286
1743,-50.40297612,-0.308726464,0.861638367
1744,-50.66273624,-0.477544405,0.810622931
1745,-50.46998145,-0.637051774,0.91601783
1746,-50.30053551,-0.552284237,0.802788675
1747,-51.36167686,-0.604848514,0.83500874
1748,-50.75242403,-0.689115621,0.831213653
1749,-51.63722866,-0.730509989,0.87364763
1750,-50.66848545,-0.788002167,0.847964466
1751,-50.73482258,-0.906966751,0.902523756
1752,-50.64932139,-0.901070118,0.815577447
1753,-51.48104157,-0.920234177,0.878897011
1754,-50.69114163,-1.169452123,0.919550002
1755,-50.28328786,-0.948980266,0.843039393
1756,-50.93869869,-1.104209147,0.833348811
1757,-51.57111265,-1.218235301,0.886011958
1758,-51.22615958,-1.291058726,0.878951013
1759,-50.36569332,-1.280518494,0.826504946
1760,-51.67574842,-1.324979111,0.855443239
1761,-50.48451048,-1.381321446,0.849597931
1762,-50.40402143,-1.364840355,0.824566603
1763,-50.76622216,-1.391670038,0.854367495
1764,-51.58452749,-1.426165345,0.829069138
1765,-51.2951502,-1.454911434,0.839206278
1766,-51.01918774,-1.46640987,0.880588353
1767,-50.81796512,-1.46640987,0.82913065
1768,-49.21034876,-1.279860058,0.988667667
1769,-50.71831201,-1.57947782,0.85787648
1770,-49.47918647,-0.377327647,0.949900329
1771,-49.37299504,-0.33381396,0.840804219
1772,-48.9398873,-0.3146499,0.850257397
1773,-49.29058958,-0.377891296,0.834504843
1774,-49.21782798,-0.482180871,0.907151699
1775,-50.23441951,-0.457422143,0.844144642
1776,-49.35191457,-0.431550662,0.914050996
1777,-49.43355347,-0.575281108,0.864146352
1778,-48.99431323,-0.529287365,0.870339692
1779,-49.07403571,-0.556117049,0.838421047
1780,-48.9092248,-0.615525633,0.86629498
1781,-49.11619664,-0.660369532,0.873829424
1782,-50.0970132,-0.678767029,0.866317093
1783,-49.20926211,-0.82106017,0.942409217
1784,-49.0694099,-0.759256078,0.959014595
1785,-48.95521854,-0.770754514,0.825089216
1786,-50.10075019,-0.822497474,0.870074213
1787,-49.37843937,-0.986219518,0.913202345
1788,-49.05487165,-0.924066989,0.836380601
1789,-48.844067,-0.901070118,0.878504455
1790,-49.9728301,-0.96622792,0.836415946
1791,-48.91497402,-0.96622792,0.842281222
1792,-49.35766379,-1.075463058,0.861999631
1793,-50.28903708,-1.098459929,0.866152585
1794,-49.37682785,-1.180865385,0.863947213
1795,-50.11656054,-1.20194585,0.873515606
1796,-49.49851963,-1.268061855,0.924192309
1797,-49.27717474,-1.2824349,0.821586609
1798,-50.05331915,-1.305431771,0.881428719
1799,-49.35191457,-1.328428642,0.815859139
1800,-49.21393335,-1.322679424,0.881472707
1801,-49.38832629,-1.399335662,0.832670391
1802,-49.66524694,-1.44053839,0.860628664
1803,-49.57613407,-1.449162216,0.906569004
1804,-48.88239512,-1.564146573,0.894673109
1805,-49.97091369,-1.571812196,0.892859519
1806,-49.31457848,-4.495540449,0.974617839
1807,-47.72590478,-0.596531381,0.955061734
1808,-47.88257876,-0.582672959,0.955097198
1809,-47.55868127,-0.617093601,0.954950809
1810,-45.38733309,-1.95979169,0.981096983
1811,-48.64311815,-0.624560118,0.842010677
1812,-48.10016231,-1.312511645,0.955016732
1813,-47.72488593,-0.83399591,0.848133445
1814,-47.36843443,-0.902986524,0.880431235
1815,-48.069839,-0.927899801,0.840099096
1816,-47.39231579,-1.036545276,0.863786042
1817,-47.86861638,-0.960478702,0.829820156
1818,-47.65324183,-1.497809444,0.920201659
1819,-47.51134355,-1.657307368,0.916891992
1820,-47.38280747,-1.638886404,0.852973878
1821,-47.30519303,-0.947542962,0.845302522
1822,-47.24003523,-0.9920994,0.86086911
1823,-46.91424622,-1.006472444,0.846837819
1824,-46.86825248,-1.098459929,0.863277376
1825,-47.10464679,-1.17387614,0.855662763
1826,-46.98628054,-1.175905275,0.875602484
1827,-46.87400169,-1.27285287,0.84298712
1828,-47.07586312,-1.32778984,0.850391686
1829,-46.94299231,-1.2824349,0.827788532
1830,-47.21090586,-1.433064406,0.946555078
1831,-46.91232981,-1.433830969,0.810447574
1832,-46.85511141,-1.491049375,0.892133415
1833,-46.99281886,-1.484615726,0.877429903
1834,-46.76394524,-1.578930276,0.854898691
1835,-47.23735226,-1.584843757,0.882779419
1836,-47.14832152,-1.670917761,0.893157423
1837,-46.82992436,-1.643677419,0.896138072
1838,-44.96548907,-1.331900942,0.954901278
1839,-52.13608737,-1.882817503,0.930972636
1840,-53.12340146,-1.857356681,0.854866982
1841,-52.3219605,-2.053979931,0.844621539
1842,-51.79533215,-2.047080869,0.861815631
1843,-52.02913367,-2.104573048,0.835430801
1844,-52.10004069,-2.144817572,0.827955484
1845,-52.09429147,-2.248303493,0.896405339
1846,-52.19464146,-2.36590113,0.897922099
1847,-51.88731963,-2.355238945,0.890232205
1848,-52.95284133,-2.39586675,0.834326506
1849,-51.92784145,-2.854707326,0.959652007
1850,-53.22113817,-2.639250305,0.83803302
1851,-52.97047227,-2.778381376,0.830314398
1852,-52.62814741,-2.792836552,0.874537766
1853,-52.1690313,-2.78298075,0.877873659
1854,-52.34725706,-2.857720582,0.880338013
1855,-53.21538895,-2.961206503,0.846240938
1856,-53.10155443,-3.009499932,0.935770273
1857,-52.2322727,-3.010649776,0.828872502
1858,-52.3300094,-3.09918773,0.891316533
1859,-53.20963973,-3.12505921,0.851091146
1860,-51.22339144,-1.782403916,0.917861283
1861,-51.49407313,-1.764219353,0.838909626
1862,-50.93601572,-1.858506525,0.888837576
1863,-50.81632248,-2.039894347,0.911591589
1864,-50.68573311,-1.943594949,0.873292983
1865,-50.96812116,-1.998381613,0.888818562
1866,-50.62249171,-2.01833478,0.819990933
1867,-51.00768931,-2.179312879,0.848306179
1868,-50.65698702,-2.221125372,0.910477102
1869,-50.53337884,-2.26986306,0.860106111
1870,-50.46726283,-2.363287849,0.855287433
1871,-50.99619087,-2.409281592,0.816954195
1872,-50.4454158,-2.465623927,0.888775229
1873,-50.82563074,-2.514683919,0.842585206
1874,-50.52116175,-2.71183418,0.903417408
1875,-51.59985874,-2.811726839,0.810373425
1876,-51.66501654,-2.825141681,0.827088356
1877,-51.4906236,-2.886466671,0.893129587
1878,-50.28041325,-2.959769198,0.865521789
1879,-50.59949484,-2.972704938,0.833653808
1880,-49.02420916,-1.880353553,0.812199712
1881,-50.2188361,-1.935122417,0.904388726
1882,-49.89077308,-1.908054329,0.847247183
1883,-49.40365753,-1.877478944,0.885540307
1884,-49.73941185,-1.957393071,0.828188539
1885,-49.10368364,-2.173563661,0.893508315
1886,-48.94372011,-2.032707825,0.840128958
1887,-48.95330214,-2.189533711,0.867533684
1888,-49.2508926,-2.147281523,0.859346151
1889,-50.18555116,-2.135235543,0.826666296
1890,-49.97857932,-2.127569919,0.84607476
1891,-49.83676528,-2.167814444,0.850833058
1892,-49.61637859,-2.265551147,0.84523201
1893,-50.07439961,-2.284715206,0.840907812
1894,-49.93488526,-2.44722643,0.884828329
1895,-48.78105106,-2.501945456,0.960512161
1896,-49.77663804,-2.550137429,0.884690702
1897,-49.84059809,-2.593256562,0.871390581
1898,-49.8750934,-2.688118656,0.847600758
1899,-49.57613407,-2.961206503,0.910634935
1900,-50.006392,-3.499698535,0.931282401
1901,-47.39526411,-1.750676751,0.847217679
1902,-48.17168229,-1.794115285,0.859986901
1903,-48.72689247,-1.876246969,0.891063273
1904,-48.11813243,-1.880353553,0.885597765
1905,-47.85301136,-1.889388038,0.847356737
1906,-48.25381397,-1.943594949,0.881444633
1907,-47.66451914,-1.911974251,0.834754825
1908,-48.19248898,-1.962759008,0.839625537
1909,-47.38347084,-2.128454414,0.927651107
1910,-47.98725933,-2.118162108,0.891754031
1911,-48.08133744,-2.121820701,0.891556621
1912,-48.59097778,-2.232168591,0.922004819
1913,-48.1675757,-2.127569919,0.852372289
1914,-47.72546813,-2.308342793,0.910478294
1915,-48.28256006,-2.185062097,0.873067975
1916,-48.77507639,-2.238721463,0.829890609
1917,-48.05642416,-2.331475511,0.898634732
1918,-47.40192987,-2.344790366,0.948146999
1919,-48.21304679,-2.346040196,0.904972494
1920,-48.68692171,-2.348339883,0.9125126
1921,-47.5869047,-2.403532374,0.836591184
1922,-48.65051,-2.438027681,0.824411571
1923,-48.59110142,-2.478272206,0.893795729
1924,-47.67505938,-2.503185483,0.826706946
1925,-48.11966555,-2.545346414,0.863722205
1926,-47.55948536,-2.614042196,0.919167757
1927,-47.78812733,-2.553012037,0.828074396
1928,-47.42736391,-2.588944649,0.83067888
1929,-48.42169113,-2.589807032,0.887116015
1930,-48.70991858,-2.664163582,0.833184838
1931,-48.11345376,-2.730643043,0.901930749
1932,-47.7368443,-2.772402189,0.887283146
1933,-48.45047687,-2.748485443,0.937786281
1934,-47.90064773,-2.759983879,0.874772012
1935,-47.55790865,-2.911677527,0.932161391
1936,-48.3285538,-2.771482315,0.841400623
1937,-48.35155067,-2.840472928,0.872202098
1938,-48.23656632,-2.897965107,0.883115768
1939,-47.95085148,-3.134407013,0.959220231
1940,-48.40041902,-2.987077983,0.841659904
1941,-48.63901156,-3.076190859,0.880032063
1942,-47.4240102,-3.091522106,0.876825869
1943,-48.3021074,-3.077340703,0.876046896
1944,-48.77426948,-3.178769008,0.935617626
1945,-47.19595789,-1.812512782,0.964840055
1946,-47.30519303,-1.78261685,0.809883595
1947,-46.7475189,-1.871729726,0.891321659
1948,-47.31324194,-1.922897765,0.852900326
1949,-47.16912821,-1.946150157,0.92464143
1950,-46.99186066,-1.934971122,0.818609715
1951,-47.04072901,-2.07295235,0.865790427
1952,-47.05797666,-2.144817572,0.820823669
1953,-47.26987641,-2.173563661,0.85176909
1954,-46.98898605,-2.16973085,0.86781162
1955,-47.23275289,-2.283948644,0.919517279
1956,-47.27069772,-2.402574171,0.909286916
1957,-47.05414385,-2.422696434,0.849734008
1958,-46.97557121,-2.472522988,0.899018824
1959,-47.17541451,-3.312946334,0.953540683
1960,-46.85675404,-2.685244047,0.836854756
1961,-46.82110889,-2.759983879,0.905802131
1962,-45.89663466,-2.742736225,0.856394887
1963,-46.75326812,-2.78298075,0.811459541
1964,-46.87016888,-2.859636988,0.840001464
1965,-46.73027125,-2.857720582,0.842290103
1966,-46.71197828,-2.961729159,0.874599576
1967,-46.79811202,-3.077340703,0.885222495
1968,-47.02923057,-3.081940077,0.881639421
1969,-46.6497822,-3.09918773,0.914708018
1970,-46.54974581,-3.109536322,0.877160966
1971,-44.72954345,-2.840472928,0.896263123
1972,-52.10004069,-3.225670522,0.898422062
1973,-52.22121651,-3.315004522,0.878096163
1974,-51.95281965,-3.479868081,0.934926331
1975,-52.3300094,-3.334905661,0.815357327
1976,-51.87965401,-3.411561898,0.823518813
1977,-52.28401566,-3.446057205,0.873270452
1978,-52.7803648,-3.492050948,0.848021448
1979,-52.22077426,-3.662611076,0.817153931
1980,-51.87007198,-3.748849344,0.849484384
1981,-52.715207,-3.823589175,0.828032851
1982,-52.21502505,-3.840836829,0.828343868
1983,-52.82635854,-3.860000888,0.849680781
1984,-52.30988714,-3.860959091,0.817891121
1985,-52.98158742,-3.905355829,0.897337198
1986,-53.19239208,-3.950071967,0.848292291
1987,-52.78322467,-4.678188292,0.943258286
1988,-50.392523,-3.271664265,0.850165427
1989,-51.74646379,-3.424018537,0.851171196
1990,-50.49984173,-3.461388453,0.842330515
1991,-51.31239785,-3.662611076,0.817001998
1992,-51.24340724,-3.662611076,0.830812037
1993,-51.51553688,-3.752682156,0.867905438
1994,-50.25041413,-4.093802413,0.874572039
1995,-50.35227847,-4.18004068,0.851442993
1996,-50.68860772,-4.323771126,0.836132228
1997,-50.34078004,-4.339102373,0.899768293
1998,-50.98469243,-4.318021908,0.878994286
1999,-50.83521277,-4.38988713,0.839895904
2000,-50.91915135,-4.424957359,0.846951962
2001,-50.39022331,-4.445654543,0.839607894
2002,-50.72214482,-4.450253918,0.805923879
2003,-50.92720026,-4.55757265,0.872912765
2004,-50.84096199,-4.559489056,0.816401839
2005,-50.65698702,-4.570987492,0.853386641
2006,-49.48414658,-3.156679908,0.835592389
2007,-49.66812155,-3.222795913,0.820460498
2008,-48.90347558,-3.206506463,0.858670413
2009,-49.66122249,-3.459088766,0.864182174
2010,-49.61062938,-3.461388453,0.824359715
2011,-48.87472949,-3.570623591,0.86881727
2012,-50.20279881,-3.806341522,0.861421704
2013,-50.14243202,-3.832213002,0.825253129
2014,-50.24591794,-3.895454398,0.815336227
2015,-50.22515688,-4.455364333,0.886099279
2016,-47.66547735,-3.214810889,0.918435633
2017,-47.51041511,-3.254916543,0.898121059
2018,-48.55852251,-3.248667393,0.843447268
2019,-48.38604598,-3.242918176,0.822847843
2020,-48.0451995,-3.339833562,0.866449356
2021,-48.44353816,-3.311908789,0.862657905
2022,-48.22506788,-3.334905661,0.89122802
2023,-47.63481485,-3.34448769,0.863513947
2024,-48.53121373,-3.44773406,0.892518938
2025,-48.16949211,-3.400063463,0.890042543
2026,-48.78849123,-3.409645492,0.866834402
2027,-48.05259135,-3.467137671,0.846240103
2028,-47.76513046,-3.501632977,0.830895662
2029,-48.66009203,-3.541877502,0.84608227
2030,-47.61565079,-3.564874373,0.839835107
2031,-47.87436559,-3.582122027,0.860841513
2032,-48.0065976,-3.616617334,0.839671433
2033,-48.29405849,-3.616617334,0.810473025
2034,-47.94623082,-3.67985873,0.907040119
2035,-48.2209613,-3.740636175,0.938894808
2036,-47.82837185,-3.708604819,0.848911226
2037,-48.10561191,-3.85425167,0.885940373
2038,-47.86286716,-3.91557666,0.846434772
2039,-47.95900686,-4.200482343,0.970685303
2040,-47.51955672,-3.954178551,0.877283275
2041,-47.80154217,-3.957737591,0.8384161
2042,-48.0065976,-4.013313363,0.80279398
2043,-47.74213358,-4.053557888,0.831334233
2044,-47.40676254,-4.051641482,0.831575036
2045,-48.18482336,-4.111050066,0.829998732
2046,-47.3429736,-4.102836898,0.917215705
2047,-47.51851927,-4.183974355,0.891193151
2048,-48.12043212,-4.146695217,0.830840349
2049,-47.83412107,-4.12829772,0.88111037
2050,-47.74404999,-4.139796155,0.857943773
2051,-48.56139712,-4.171416853,0.878952563
2052,-48.21356945,-4.23178364,0.834996343
2053,-47.29632965,-4.295264587,0.91079998
2054,-47.47766956,-4.300774254,0.832951009
2055,-48.75974514,-4.355966745,0.853802085
2056,-47.4259266,-4.43315368,0.909783304
2057,-47.69757715,-4.402822871,0.84402436
2058,-47.79387654,-4.387012522,0.803506672
2059,-48.6039936,-4.430392983,0.903116167
2060,-48.69075452,-4.488582036,0.827383637
2061,-48.53552564,-4.461752353,0.821355402
2062,-47.80920779,-4.523077343,0.834990621
2063,-47.65733262,-4.513495314,0.8736763
2064,-47.70353169,-4.606304115,0.871265709
2065,-47.59150408,-4.618131078,0.837551057
2066,-47.50354104,-4.596858972,0.885031223
2067,-46.41789708,-3.187342403,0.865506113
2068,-46.69577594,-3.185425997,0.871104479
2069,-46.55246362,-3.275950045,0.941236794
2070,-46.27033382,-3.237168958,0.872363329
2071,-46.13810181,-3.263040438,0.822182655
2072,-46.19176118,-3.239085364,0.825816631
2073,-46.25481093,-3.451902243,0.882744491
2074,-46.15534947,-3.392397839,0.860672474
2075,-46.0691112,-3.432642364,0.824451685
2076,-45.92729716,-3.503549383,0.827635765
2077,-46.36347115,-3.516580944,0.838412762
2078,-46.95832356,-3.817839958,0.827193916
2079,-46.49455332,-3.840836829,0.871071279
2080,-46.41981349,-3.905994631,0.842962205
2081,-47.19347784,-4.069001865,0.923984528
2082,-46.5520455,-4.042059452,0.843007922
2083,-46.98898605,-4.099551631,0.859138191
2084,-47.03831805,-4.241798407,0.908184052
2085,-46.91999544,-4.26052973,0.813938081
2086,-47.25651632,-4.49931391,0.902122617
2087,-45.81614562,-3.413478304,0.865957916
2088,-52.91355501,-5.275266674,0.916178167
2089,-52.86928603,-5.395425327,0.854055047
2090,-52.76694996,-5.39312564,0.880514443
2091,-52.39297533,-6.16050083,0.982688367
2092,-53.02454296,-5.726019374,0.970650911
2093,-51.90456728,-5.697834184,0.8463974
2094,-51.68356192,-5.935951395,0.954672396
2095,-52.8909688,-6.060034907,0.947862327
2096,-50.83521277,-4.645727323,0.812882543
2097,-50.36952613,-4.685971848,0.823528051
2098,-50.78730262,-4.755601264,0.853768528
2099,-50.90707799,-4.777959333,0.86752665
2100,-50.74848521,-4.985542794,0.89885205
2101,-50.98469243,-4.887194472,0.817896068
2102,-51.43888064,-4.904442125,0.818824172
2103,-50.63399015,-4.927438996,0.826494813
2104,-50.973194,-4.979181957,0.844593465
2105,-50.79353094,-5.108060256,0.88178885
2106,-50.98852525,-5.379710798,0.859887123
2107,-50.78634442,-5.499486169,0.869710743
2108,-51.35839159,-5.559852956,0.813758492
2109,-51.48717407,-5.784072451,0.870186567
2110,-50.54775188,-5.797487293,0.836052179
2111,-51.11117523,-5.824316976,0.830025673
2112,-50.44344464,-5.84156463,0.883612514
2113,-51.06134867,-5.94505055,0.858231783
2114,-51.37563925,-5.968047422,0.8682127
2115,-51.24570692,-6.069233655,0.889646351
2116,-51.31623066,-6.098363025,0.8301934
2117,-49.69750644,-4.769229039,0.913686812
2118,-48.85173262,-4.772210115,0.860673606
2119,-49.51480908,-4.825869482,0.86532253
2120,-49.8711261,-5.095107706,0.917802155
2121,-49.63707578,-4.995279767,0.85915339
2122,-50.02457306,-4.973432739,0.823897362
2123,-49.43815284,-5.151658491,0.846908033
2124,-49.36916223,-5.197652234,0.83517617
2125,-49.45540049,-5.255144412,0.834561467
2126,-49.3024713,-5.278141283,0.826260626
2127,-49.99582697,-5.335633462,0.824624538
2128,-49.48127197,-5.844439238,0.815503418
2129,-49.58188329,-6.014041164,0.82950151
2130,-49.85326586,-6.162156606,0.917963326
2131,-47.91953802,-4.842022046,0.896736026
2132,-47.39718052,-4.846949947,0.869361043
2133,-47.60990157,-4.902525719,0.80473274
2134,-47.66739375,-4.915940561,0.813301504
2135,-47.92265902,-5.229847854,0.854834497
2136,-48.42399082,-5.623094352,0.835450828
2137,-48.72524983,-5.784072451,0.898557663
2138,-48.76357795,-6.092613808,0.835338533
2139,-47.08909008,-4.789795958,0.870470345
2140,-47.20745633,-4.766460898,0.828617573
2141,-47.27261413,-4.87058562,0.875373483
2142,-53.02183195,-6.140523956,0.82792753
2143,-52.96242336,-6.15777161,0.836855114
2144,-52.76694996,-6.163520827,0.861568451
2145,-53.10615381,-6.246884486,0.827133715
2146,-52.92192887,-6.488726583,0.950125456
2147,-52.74586949,-6.381991104,0.814448297
2148,-52.08566765,-6.456730936,0.828393221
2149,-52.72428471,-6.521787875,0.907426
2150,-51.79303246,-6.469379215,0.856875598
2151,-52.58872421,-6.557342248,0.944078863
2152,-52.03105008,-6.634956689,0.853882134
2153,-52.20783852,-6.656516255,0.906572342
2154,-51.51275809,-6.784619281,0.955525935
2155,-52.76120074,-6.652204342,0.84151113
2156,-52.35108987,-6.702669698,0.959605873
2157,-52.03105008,-6.859176183,0.831054568
2158,-52.93367727,-7.112141767,0.831436217
2159,-52.88768353,-7.112141767,0.865627468
2160,-52.80144526,-7.163884728,0.854708135
2161,-52.67049086,-7.5420555,0.858654857
2162,-50.43851674,-6.12902552,0.809818208
2163,-51.22041036,-6.15777161,0.840527833
2164,-51.41660242,-6.307969925,0.904890954
2165,-51.55194859,-6.376241887,0.83919698
2166,-51.30929016,-6.408095661,0.916772246
2167,-51.19166428,-6.456730936,0.827982128
2168,-51.33539472,-6.606210599,0.828997314
2169,-50.5746992,-6.988835276,0.955459416
2170,-51.07984786,-6.865629387,0.891597092
2171,-50.70528045,-6.708546677,0.851394951
2172,-50.96054572,-7.166184415,0.833514154
2173,-50.50983812,-7.287725987,0.926658452
2174,-50.31860448,-7.237803243,0.856663644
2175,-50.77427106,-7.534134355,0.856393158
2176,-49.3664026,-6.222852755,0.864448309
2177,-49.46881534,-6.259341124,0.855305135
2178,-48.88239512,-6.33216455,0.83561933
2179,-48.93797089,-6.347495798,0.819837511
2180,-49.03570759,-6.376241887,0.813029945
2181,-49.28484037,-6.479727807,0.885144651
2182,-49.09703258,-6.470145778,0.822675467
2183,-49.25992709,-6.560216857,0.865063488
2184,-49.09894899,-6.629207471,0.845080078
2185,-49.22543178,-6.721194956,0.824405432
2186,-48.76676524,-6.598645839,0.927835822
2187,-49.04145681,-6.859176183,0.890399814
2188,-48.86323106,-6.838095718,0.819043458
2189,-48.96039284,-6.946564294,0.870989323
2190,-50.06481758,-7.008655847,0.831401289
2191,-49.04490634,-7.13552192,0.879090369
2192,-49.34386567,-7.159285354,0.894802868
2193,-49.16219039,-7.154302698,0.889244854
2194,-48.85173262,-7.247248386,0.844849408
2195,-49.5876325,-7.227126124,0.825674832
2196,-49.19668569,-7.385229614,0.840466022
2197,-49.35766379,-7.401519064,0.826330006
2198,-48.92072324,-7.42259953,0.859526813
2199,-49.96133166,-7.468593272,0.852525651
2200,-48.456953,-6.186517699,0.831805289
2201,-48.47228425,-6.282337996,0.819944263
2202,-48.66200844,-6.560216857,0.820403516
2203,-48.74932468,-7.030934066,0.898393273
2204,-48.67925609,-7.179982538,0.868226588
2205,-48.7482467,-7.232875342,0.825540304
2206,-48.70800218,-7.434097965,0.831121743
2207,-53.10615381,-7.641069807,0.81386435
2208,-52.692809,-8.129034669,0.928859711
2209,-51.94481181,-7.721558856,0.864722848
2210,-51.99655477,-7.727308074,0.865685523
2211,-51.93331337,-7.967132589,0.936844409
2212,-52.92601165,-8.279232985,0.802707195
2213,-52.84053995,-8.419513899,0.858115971
2214,-52.50248594,-8.55519544,0.808864832
2215,-52.31014847,-8.711992289,0.918027759
2216,-52.1690313,-8.675929014,0.870666087
2217,-52.19777739,-8.856454454,0.881817639
2218,-50.50367454,-7.604658094,0.838292599
2219,-50.70441807,-7.615198327,0.888729811
2220,-50.63399015,-7.65831746,0.85076201
2221,-50.52475501,-7.71964245,0.844996989
2222,-50.86827077,-7.968679402,0.962907553
2223,-50.62007099,-7.853185685,0.914623857
2224,-51.00194009,-7.825044777,0.820828438
2225,-51.11692444,-7.957276787,0.811460853
2226,-50.32065778,-7.968775222,0.86274004
2227,-51.45497845,-8.067661769,0.840227842
2228,-50.32449059,-8.17766347,0.91800344
2229,-51.39863612,-8.152750193,0.853223026
2230,-51.25490567,-8.204493153,0.884526789
2231,-51.38592732,-8.284679612,0.942519665
2232,-50.52015563,-8.433312022,0.860225558
2233,-50.59374562,-8.509201697,0.897034347
2234,-51.01343852,-8.514950915,0.870768726
2235,-50.23729412,-7.623822153,0.820281267
2236,-50.02169845,-7.626696762,0.830659211
2237,-49.01271072,-7.635320589,0.821851254
2238,-50.03990431,-8.022434589,0.817955732
2239,-50.26604021,-8.032016618,0.851858258
